,Word,Count
0,a,1954
1,abatement,1
2,abhorrence,6
3,abhorrent,1
4,abide,1
5,abiding,1
6,abilities,6
7,able,54
8,ablution,1
9,abode,8
10,abominable,6
11,abominably,4
12,abominate,2
13,abound,1
14,about,122
15,above,21
16,abroad,4
17,abrupt,1
18,abruptly,2
19,abruptness,2
20,absence,27
21,absent,4
22,absolute,4
23,absolutely,18
24,absurd,5
25,absurdities,2
26,absurdity,1
27,abundant,1
28,abundantly,3
29,abuse,2
30,abused,2
31,abusing,3
32,abusive,2
33,accede,1
34,acceded,1
35,acceding,1
36,accent,4
37,accents,2
38,accept,17
39,acceptable,6
40,acceptance,4
41,accepted,16
42,accepting,4
43,accident,6
44,accidental,3
45,accidentally,3
46,accompanied,6
47,accompany,3
48,accompanying,2
49,accomplished,12
50,accomplishment,3
51,accomplishments,5
52,according,8
53,accordingly,6
54,accosted,2
55,account,38
56,accounted,2
57,accounting,3
58,accounts,3
59,accuracy,1
60,accurate,1
61,accusation,1
62,accusations,3
63,accuse,4
64,accused,2
65,accusing,1
66,accustomed,2
67,ached,1
68,achieving,1
69,acknowledge,8
70,acknowledged,20
71,acknowledging,1
72,acknowledgment,3
73,acknowledgments,2
74,acquaint,2
75,acquaintance,52
76,acquaintances,11
77,acquainted,24
78,acquainting,1
79,acquiesce,1
80,acquiescence,2
81,acquire,1
82,acquired,2
83,acquisition,1
84,acquit,2
85,acrimony,1
86,across,5
87,act,9
88,acted,6
89,acting,3
90,action,2
91,actions,6
92,active,4
93,activity,4
94,actual,5
95,actually,11
96,actuated,1
97,acute,2
98,acutely,4
99,acutest,1
100,adapted,3
101,add,12
102,added,71
103,adding,5
104,addition,8
105,additional,2
106,additions,1
107,address,19
108,addressed,17
109,addresses,6
110,addressing,3
111,adds,3
112,adept,1
113,adequate,1
114,adhered,1
115,adhering,1
116,adieu,5
117,adieus,2
118,adjusting,1
119,admirable,3
120,admiration,25
121,admire,18
122,admired,12
123,admirer,3
124,admires,2
125,admiring,2
126,admission,1
127,admit,6
128,admittance,1
129,admitted,9
130,admitting,1
131,adopt,3
132,adopted,1
133,adoration,1
134,adorned,3
135,advance,3
136,advanced,5
137,advancement,1
138,advances,1
139,advantage,34
140,advantageous,2
141,advantageously,2
142,advantages,8
143,adventure,2
144,advertised,1
145,advice,16
146,advisable,6
147,advise,8
148,advised,3
149,advising,1
150,affability,4
151,affable,1
152,affair,18
153,affairs,7
154,affect,4
155,affectation,3
156,affected,19
157,affection,58
158,affectionate,17
159,affectionately,4
160,affections,4
161,affinity,2
162,affirmative,2
163,afflicted,1
164,afflicting,1
165,affliction,1
166,afford,7
167,afforded,5
168,affording,2
169,affords,1
170,affront,4
171,affronted,2
172,afraid,37
173,afresh,1
174,after,200
175,afternoon,3
176,afterwards,32
177,again,177
178,against,52
179,age,15
180,agitated,5
181,agitation,6
182,agitations,1
183,ago,26
184,agonies,1
185,agony,1
186,agree,6
187,agreeable,45
188,agreeably,3
189,agreed,12
190,agreeing,3
191,agreement,3
192,ah,5
193,aid,1
194,aimed,1
195,air,30
196,airing,1
197,airs,1
198,alacrity,5
199,alarm,14
200,alarmed,8
201,alarming,5
202,alarms,1
203,alas,2
204,alienated,1
205,alighted,1
206,alike,2
207,alive,2
208,all,625
209,allayed,1
210,alleviate,1
211,alleviated,1
212,alliance,3
213,allow,31
214,allowable,1
215,allowance,2
216,allowances,1
217,allowed,26
218,allowing,8
219,allude,1
220,alluded,6
221,alluding,1
222,allurements,1
223,allusion,4
224,allusions,2
225,almost,59
226,alone,30
227,along,9
228,aloof,2
229,aloud,11
230,already,28
231,also,34
232,altar,1
233,alter,1
234,alteration,7
235,alterations,1
236,altered,7
237,alternate,1
238,alternative,3
239,although,1
240,altogether,8
241,always,119
242,am,324
243,amaze,1
244,amazed,5
245,amazement,10
246,amazes,1
247,amazing,2
248,ambition,1
249,amendment,2
250,amends,5
251,amiable,36
252,amid,1
253,amidst,4
254,amiss,1
255,among,25
256,amongst,12
257,amount,2
258,amounting,1
259,ample,2
260,amply,2
261,amuse,5
262,amused,6
263,amusement,12
264,amusements,3
265,amusing,4
266,an,361
267,ancient,1
268,and,3584
269,anecdote,2
270,anecdotes,1
271,anew,1
272,angel,3
273,angelic,1
274,anger,13
275,angrily,1
276,angry,17
277,anguish,2
278,animal,1
279,animated,2
280,animating,1
281,animation,4
282,ankle,1
283,ankles,2
284,anne,5
285,annesley,3
286,annexed,1
287,announce,4
288,announced,3
289,annoyed,1
290,annual,1
291,annum,2
292,another,58
293,answer,65
294,answerable,2
295,answered,34
296,answering,3
297,answers,1
298,antagonist,1
299,ante,1
300,anticipate,1
301,anticipated,4
302,anticipating,2
303,anticipation,1
304,anxiety,19
305,anxious,26
306,anxiously,2
307,any,269
308,anybody,25
309,anyhow,1
310,anyone,24
311,anything,80
312,anywhere,1
313,apace,1
314,apartment,4
315,apartments,2
316,apologies,2
317,apologise,5
318,apologised,2
319,apologising,4
320,apology,8
321,apothecary,2
322,apparel,1
323,apparent,3
324,apparently,2
325,appeal,2
326,appeals,1
327,appear,30
328,appearance,33
329,appearances,1
330,appeared,31
331,appearing,6
332,appears,3
333,appease,1
334,appeased,1
335,appertain,1
336,appetite,2
337,application,12
338,applied,12
339,applies,1
340,apply,3
341,applying,3
342,appointed,1
343,appointment,1
344,apprehended,1
345,apprehending,1
346,apprehension,12
347,apprehensions,2
348,apprehensive,1
349,approach,7
350,approached,6
351,approaching,12
352,approbation,7
353,approve,5
354,approved,3
355,april,1
356,apt,1
357,arch,1
358,archbishop,1
359,archly,2
360,archness,1
361,ardent,1
362,ardently,2
363,are,340
364,argued,1
365,arguing,1
366,argument,5
367,arguments,5
368,arise,7
369,arisen,5
370,arising,5
371,arm,4
372,army,3
373,arose,5
374,around,2
375,aroused,1
376,arrange,1
377,arranged,2
378,arrangement,8
379,arrangements,1
380,arranges,1
381,arranging,2
382,arrear,1
383,arrested,2
384,arrival,30
385,arrive,2
386,arrived,15
387,arriving,1
388,arrogance,1
389,arrogant,1
390,art,3
391,artful,1
392,artfully,1
393,article,3
394,articles,2
395,artificial,1
396,arts,4
397,as,1181
398,ascended,3
399,ascertain,2
400,ascertaining,1
401,ashamed,16
402,ashworth,1
403,aside,4
404,ask,32
405,asked,40
406,asking,14
407,aspect,6
408,asperity,1
409,aspire,1
410,assembled,6
411,assemblies,2
412,assembly,9
413,assent,1
414,assented,2
415,assents,1
416,assert,5
417,asserted,1
418,asserting,1
419,assertion,3
420,assertions,3
421,assiduous,1
422,assiduously,1
423,assist,7
424,assistance,13
425,assistant,1
426,assisted,4
427,assisting,2
428,associating,1
429,assume,3
430,assumed,1
431,assurance,15
432,assurances,8
433,assure,39
434,assured,28
435,assuring,4
436,astonish,2
437,astonished,14
438,astonishment,30
439,at,787
440,ate,3
441,atone,2
442,atoned,1
443,atonement,2
444,attach,3
445,attached,11
446,attachment,27
447,attachments,1
448,attack,4
449,attacked,1
450,attacks,3
451,attained,1
452,attempt,21
453,attempted,4
454,attempting,4
455,attend,5
456,attendance,5
457,attendant,1
458,attendants,1
459,attended,24
460,attending,9
461,attention,68
462,attentions,26
463,attentive,10
464,attentively,3
465,attics,1
466,attitude,1
467,attorney,3
468,attracted,3
469,attraction,3
470,attractions,4
471,attribute,4
472,attributed,5
473,attributing,1
474,audible,1
475,audience,2
476,aught,1
477,augment,1
478,augmented,1
479,august,1
480,aunt,84
481,aunts,1
482,austen,1
483,austerity,1
484,authorise,1
485,authorised,2
486,authorising,1
487,authoritative,2
488,authority,9
489,authorized,1
490,avail,1
491,availed,1
492,avarice,1
493,avenue,1
494,avoid,18
495,avoidance,1
496,avoided,1
497,avoiding,2
498,avowal,3
499,avowed,3
500,awaited,1
501,awake,2
502,awakened,4
503,aware,14
504,away,117
505,awe,3
506,awed,2
507,awful,2
508,awkward,10
509,awkwardness,3
510,awoke,1
511,aye,6
512,b,1
513,back,40
514,backed,1
515,backgammon,2
516,backward,1
517,backwards,1
518,bad,15
519,bags,1
520,bakewell,1
521,ball,36
522,balls,8
523,balm,1
524,bandbox,1
525,banish,3
526,banished,3
527,banks,2
528,barbarous,1
529,barbarously,1
530,bare,1
531,barefaced,1
532,barely,1
533,barnet,2
534,barouche,1
535,bashful,1
536,basis,1
537,bass,1
538,bath,1
539,bathing,2
540,battled,1
541,be,1241
542,bear,25
543,bearing,2
544,bears,2
545,beatings,1
546,beauteous,1
547,beauties,4
548,beautiful,15
549,beauty,27
550,beaux,1
551,became,16
552,because,62
553,become,9
554,becomes,4
555,becoming,3
556,bed,5
557,bedrooms,1
558,been,515
559,befall,2
560,before,227
561,beforehand,1
562,befriended,1
563,beg,17
564,began,59
565,begged,8
566,begging,2
567,begin,13
568,beginning,12
569,begins,4
570,begs,1
571,begun,2
572,behalf,4
573,behave,2
574,behaved,8
575,behaves,2
576,behaviour,55
577,beheld,2
578,behind,14
579,beholding,3
580,being,175
581,belief,15
582,believe,87
583,believed,37
584,believes,1
585,believing,12
586,bell,6
587,belong,3
588,belonged,3
589,belonging,1
590,belongs,2
591,beloved,2
592,below,5
593,benches,1
594,beneath,5
595,beneficence,1
596,beneficial,1
597,benefit,5
598,benefited,4
599,benefiting,1
600,benefits,1
601,benevolence,3
602,benevolent,1
603,bennet,323
604,bennets,10
605,bent,3
606,bequeathed,1
607,bequest,1
608,besides,12
609,best,41
610,bestow,7
611,bestowed,8
612,bestowing,1
613,betray,3
614,betrayed,4
615,bets,1
616,better,92
617,between,63
618,bewailed,1
619,bewildered,1
620,bewitched,1
621,bewitching,1
622,beyond,36
623,bid,1
624,bidding,3
625,billiard,1
626,bills,1
627,bingley,306
628,bingleys,5
629,birds,2
630,birmingham,1
631,birth,5
632,bit,3
633,biting,1
634,bitter,2
635,bitterest,1
636,bitterly,2
637,bitterness,5
638,black,1
639,blacken,1
640,blame,16
641,blameable,1
642,blamed,1
643,blameless,1
644,blamelessness,1
645,blaming,3
646,blasted,1
647,blemish,1
648,blenheim,1
649,bless,3
650,blessed,4
651,blessing,4
652,blind,6
653,blinded,2
654,blinds,1
655,blots,1
656,blow,1
657,blown,1
658,blowsy,1
659,blue,2
660,blush,4
661,blushed,7
662,blushing,1
663,board,1
664,boast,11
665,boasted,2
666,boasting,1
667,bodies,1
668,body,2
669,boisterously,1
670,bold,2
671,boldly,1
672,bonnet,3
673,book,18
674,books,14
675,bordered,2
676,bordering,3
677,bore,9
678,born,4
679,borne,5
680,borrow,2
681,borrowed,1
682,bosom,1
683,bosoms,1
684,both,71
685,bottle,2
686,bottom,1
687,bought,5
688,boulanger,1
689,bound,1
690,boundary,2
691,boundless,1
692,bounds,1
693,bounty,1
694,bourgh,39
695,bow,11
696,bowed,3
697,bowing,1
698,bowl,1
699,bows,2
700,box,1
701,boxes,1
702,boy,4
703,boys,3
704,bracelets,1
705,brain,2
706,brains,1
707,branch,4
708,breach,3
709,break,2
710,breakfast,26
711,breakfasted,1
712,breaking,2
713,breast,2
714,breath,2
715,breathed,1
716,breathing,1
717,breathless,2
718,bred,4
719,breeding,6
720,brevity,1
721,bribe,1
722,bribery,1
723,bride,3
724,bridegroom,1
725,bridge,3
726,briefly,4
727,bright,1
728,brightened,1
729,brightening,1
730,brightest,2
731,brighton,24
732,brilliancy,2
733,bring,18
734,bringing,12
735,brings,1
736,brink,2
737,britain,1
738,british,1
739,brittle,1
740,broad,1
741,broke,2
742,broken,7
743,bromley,1
744,brooking,1
745,brother,79
746,brotherly,2
747,brothers,2
748,brought,37
749,brow,1
750,brown,1
751,build,1
752,building,3
753,built,3
754,burning,1
755,burnt,1
756,burst,3
757,burying,1
758,busily,3
759,business,45
760,bustle,1
761,busy,1
762,but,1001
763,butcher,1
764,butler,1
765,buy,4
766,buying,1
767,by,636
768,bye,5
769,cake,1
770,calculate,1
771,calculated,3
772,calculation,1
773,calico,1
774,call,28
775,called,41
776,calling,15
777,calls,1
778,calm,5
779,calmly,1
780,calmness,4
781,cambric,1
782,cambridge,1
783,came,90
784,camp,3
785,campful,1
786,can,213
787,candid,1
788,candour,3
789,cannot,112
790,canvas,1
791,canvassed,2
792,capable,18
793,capacity,1
794,capers,1
795,capital,4
796,caprice,4
797,captain,4
798,captivate,1
799,captivated,1
800,captivating,2
801,captivation,1
802,card,9
803,cards,7
804,care,35
805,cared,7
806,careful,4
807,carefully,3
808,careless,2
809,carelessness,2
810,cares,2
811,caring,2
812,caroline,17
813,carpets,1
814,carriage,44
815,carriages,6
816,carried,8
817,carry,5
818,carrying,4
819,carter,4
820,carved,1
821,case,32
822,cases,6
823,cassino,1
824,cast,2
825,casual,1
826,catch,4
827,catching,1
828,catherine,126
829,caught,11
830,cause,19
831,caused,1
832,causes,5
833,caution,3
834,cautioning,2
835,cautious,4
836,cautiousness,1
837,cease,2
838,ceased,6
839,ceaseless,1
840,celebrated,2
841,celerity,1
842,censure,5
843,censured,2
844,censuring,1
845,cents,1
846,ceremonies,1
847,ceremonious,3
848,ceremony,5
849,certain,55
850,certainly,72
851,certainty,8
852,cessation,1
853,chagrin,1
854,chair,6
855,chaise,11
856,challenge,1
857,chamber,2
858,chamberlayne,1
859,chambermaid,2
860,chance,18
861,chanced,1
862,chances,1
863,change,24
864,changed,8
865,changes,1
866,changing,3
867,chaperon,1
868,chapter,61
869,character,64
870,characterise,1
871,characteristic,2
872,characters,3
873,charge,8
874,charged,1
875,charity,1
876,charles,7
877,charlotte,85
878,charm,6
879,charming,20
880,charmingly,2
881,charms,4
882,chatsworth,1
883,chatty,1
884,cheap,1
885,cheapside,2
886,cheat,1
887,cheating,1
888,check,4
889,checked,5
890,checking,2
891,cheeks,4
892,cheerful,7
893,cheerfully,2
894,cheerfulness,7
895,cheering,2
896,cherish,1
897,cherished,4
898,chestnuts,1
899,chicken,1
900,chief,15
901,chiefly,10
902,child,14
903,childhood,1
904,children,25
905,chimney,1
906,chin,1
907,china,1
908,choice,15
909,choose,19
910,chooses,8
911,choosing,1
912,chose,16
913,chosen,8
914,christening,1
915,christian,2
916,christmas,6
917,church,11
918,circle,7
919,circles,1
920,circuit,1
921,circulated,1
922,circulating,1
923,circulation,2
924,circumspect,1
925,circumspection,2
926,circumstance,19
927,circumstances,28
928,city,1
929,civil,18
930,civilities,7
931,civility,42
932,civilly,3
933,claim,5
934,claimed,3
935,claims,6
936,clamorous,1
937,clapham,4
938,clarke,1
939,class,2
940,cleanse,1
941,clear,9
942,cleared,2
943,clearer,1
944,clearing,1
945,clearly,3
946,clement,1
947,clergy,1
948,clergyman,8
949,clerical,1
950,clerk,1
951,clever,7
952,clock,6
953,close,9
954,closed,6
955,closely,1
956,closer,1
957,closest,2
958,closet,1
959,closure,1
960,clothes,13
961,clouded,1
962,clue,1
963,clump,1
964,cluster,1
965,coach,10
966,coachman,2
967,coarse,1
968,coarseness,2
969,coat,4
970,coats,1
971,coaxed,1
972,coffee,7
973,cogent,1
974,coherent,1
975,coincide,1
976,coincided,1
977,coincidence,1
978,cold,18
979,colder,1
980,coldly,2
981,colds,1
982,collect,2
983,collected,3
984,collecting,2
985,collection,4
986,collins,180
987,collinses,5
988,colonel,66
989,colour,12
990,coloured,6
991,colouring,3
992,combated,1
993,come,93
994,comes,16
995,comfort,31
996,comfortable,12
997,comfortably,2
998,comforted,1
999,comfortless,1
1000,comforts,4
1001,coming,61
1002,command,7
1003,commanded,2
1004,commencement,2
1005,commendable,1
1006,commendation,8
1007,commendations,1
1008,commended,2
1009,commerce,1
1010,commiseration,1
1011,commission,7
1012,commissioned,1
1013,commissioning,1
1014,common,19
1015,commonest,1
1016,commonly,1
1017,communicate,3
1018,communicated,3
1019,communication,11
1020,communications,1
1021,communicative,1
1022,communicativeness,1
1023,companion,16
1024,companions,7
1025,company,22
1026,comparative,3
1027,comparatively,3
1028,compare,1
1029,compared,4
1030,comparing,2
1031,comparison,13
1032,comparisons,1
1033,compass,1
1034,compassion,14
1035,compassionate,2
1036,compatible,2
1037,compensation,1
1038,competition,3
1039,complacency,5
1040,complain,4
1041,complained,1
1042,complaining,1
1043,complaint,1
1044,complaints,4
1045,complaisance,5
1046,complaisant,1
1047,complete,8
1048,completed,2
1049,completely,7
1050,completion,1
1051,complexion,7
1052,compliance,1
1053,complied,4
1054,compliment,26
1055,complimented,3
1056,complimenting,1
1057,compliments,11
1058,comply,3
1059,complying,3
1060,compose,3
1061,composed,3
1062,composedly,3
1063,composition,1
1064,composure,16
1065,comprehend,19
1066,comprehended,3
1067,comprehends,1
1068,comprehension,1
1069,comprise,1
1070,comprised,2
1071,compromised,1
1072,conceal,13
1073,concealed,7
1074,concealing,1
1075,concealment,2
1076,conceals,1
1077,conceit,5
1078,conceited,6
1079,conceive,3
1080,conception,1
1081,concern,26
1082,concerned,18
1083,concerning,5
1084,concerns,8
1085,concerto,1
1086,conciliate,1
1087,conciliating,1
1088,conciliatory,1
1089,concise,1
1090,concisely,2
1091,conclude,5
1092,concluded,10
1093,concluding,1
1094,conclusion,8
1095,concurrence,2
1096,condemn,3
1097,condemned,2
1098,condescend,1
1099,condescended,5
1100,condescendingly,1
1101,condescends,1
1102,condescension,7
1103,condition,3
1104,conditional,1
1105,conditionally,2
1106,conditions,1
1107,condole,2
1108,condolence,1
1109,conduct,23
1110,conducted,2
1111,confederacy,1
1112,conference,4
1113,confess,16
1114,confessed,4
1115,confession,3
1116,confidante,2
1117,confide,1
1118,confidence,11
1119,confident,3
1120,confidential,1
1121,confidently,1
1122,confiding,2
1123,confined,5
1124,confinement,1
1125,confirm,1
1126,confirmation,4
1127,confirmed,3
1128,confirming,2
1129,confirms,1
1130,confused,4
1131,confusion,11
1132,congenial,1
1133,congratulate,7
1134,congratulated,2
1135,congratulation,1
1136,congratulations,12
1137,congratulatory,1
1138,conjecture,7
1139,conjectured,2
1140,conjectures,4
1141,conjecturing,2
1142,conjugal,2
1143,conjunction,1
1144,connect,2
1145,connected,14
1146,connection,20
1147,connections,18
1148,connivance,1
1149,connubial,1
1150,conquer,2
1151,conquered,1
1152,conquest,3
1153,conscience,5
1154,conscientious,1
1155,conscientiously,1
1156,conscious,3
1157,consciousness,2
1158,consent,13
1159,consented,2
1160,consenting,1
1161,consequence,32
1162,consequences,1
1163,consequent,1
1164,consequential,1
1165,consequently,10
1166,consider,33
1167,considerable,9
1168,considerably,3
1169,consideration,14
1170,considerations,1
1171,considered,23
1172,considering,14
1173,consign,1
1174,consigned,1
1175,consisted,2
1176,consistency,1
1177,consistent,3
1178,consists,1
1179,consolation,10
1180,consolatory,1
1181,console,9
1182,consoled,2
1183,consoling,3
1184,constancy,1
1185,constant,12
1186,constantly,3
1187,consternation,1
1188,constitute,1
1189,constitution,1
1190,constrained,1
1191,construction,1
1192,construed,1
1193,construing,1
1194,consult,3
1195,consulted,2
1196,consulting,2
1197,contain,6
1198,contained,7
1199,containing,2
1200,contains,1
1201,contemplation,4
1202,contempt,12
1203,contemptuously,1
1204,content,1
1205,contented,4
1206,contentment,3
1207,contents,9
1208,continual,3
1209,continually,6
1210,continuance,3
1211,continue,9
1212,continued,51
1213,continuing,2
1214,contracted,3
1215,contradict,2
1216,contradicted,1
1217,contradictions,1
1218,contrariety,1
1219,contrariwise,1
1220,contrary,10
1221,contrast,3
1222,contrasted,1
1223,contribute,2
1224,contributed,1
1225,contrivance,4
1226,contrive,3
1227,contrived,3
1228,controverted,1
1229,convenience,3
1230,convenient,5
1231,conversation,61
1232,conversations,1
1233,converse,4
1234,conversed,1
1235,conversible,1
1236,conversing,3
1237,convert,1
1238,converting,1
1239,convey,2
1240,conveyed,2
1241,conveying,1
1242,conviction,16
1243,convince,4
1244,convinced,40
1245,cook,1
1246,cooking,1
1247,cooks,1
1248,cool,3
1249,coolly,4
1250,copied,1
1251,coppice,1
1252,copse,4
1253,coquetry,1
1254,cordial,3
1255,cordiality,4
1256,cordially,3
1257,corner,1
1258,corps,6
1259,correct,2
1260,correspond,1
1261,correspondence,5
1262,correspondent,2
1263,correspondents,1
1264,corroborated,1
1265,corroboration,1
1266,corruption,1
1267,cost,4
1268,costing,1
1269,cottagers,1
1270,cough,2
1271,coughing,1
1272,coughs,1
1273,could,526
1274,counted,1
1275,countenance,30
1276,counteract,1
1277,counteracted,2
1278,counterbalance,1
1279,counterpart,1
1280,counting,1
1281,country,41
1282,county,6
1283,couple,8
1284,couples,1
1285,courage,12
1286,courier,1
1287,course,46
1288,courses,3
1289,court,4
1290,courted,2
1291,courteous,1
1292,courtesy,2
1293,courtier,1
1294,courting,1
1295,courtship,2
1296,cousin,49
1297,cousins,11
1298,cover,1
1299,covered,2
1300,covering,2
1301,covies,1
1302,cows,1
1303,cradles,1
1304,crammed,1
1305,crayons,1
1306,created,5
1307,creative,1
1308,creature,14
1309,creatures,3
1310,credit,27
1311,creditable,2
1312,creditably,1
1313,creditors,2
1314,cried,91
1315,critical,1
1316,criticise,1
1317,criticisms,1
1318,cross,4
1319,crossed,5
1320,crossing,2
1321,crowd,1
1322,crowded,3
1323,crown,1
1324,crowned,1
1325,cruel,4
1326,cruelly,3
1327,cruelty,4
1328,crushing,1
1329,cry,1
1330,crying,2
1331,cucumber,1
1332,culprit,1
1333,cultivation,1
1334,cunning,1
1335,cup,1
1336,cure,1
1337,curiosities,1
1338,curiosity,23
1339,curious,5
1340,curricle,2
1341,curtailed,1
1342,curtains,1
1343,curtsey,3
1344,curtseyed,1
1345,custody,1
1346,custom,2
1347,cutting,1
1348,daily,3
1349,dale,1
1350,damp,1
1351,dance,32
1352,danced,12
1353,dances,10
1354,dancing,21
1355,danger,19
1356,dangerous,1
1357,darcy,418
1358,dare,40
1359,dared,13
1360,daring,2
1361,dark,2
1362,darling,1
1363,darting,1
1364,date,2
1365,dated,2
1366,daughter,84
1367,daughters,50
1368,dawdled,1
1369,dawson,1
1370,day,144
1371,days,30
1372,dazzling,1
1373,de,39
1374,dead,5
1375,deaden,1
1376,deal,34
1377,dear,158
1378,dearest,17
1379,dearly,3
1380,death,8
1381,debt,4
1382,debts,10
1383,decamping,1
1384,decease,3
1385,deceitful,2
1386,deceive,4
1387,deceived,13
1388,deceives,1
1389,deceiving,2
1390,decency,2
1391,decent,3
1392,deception,2
1393,decide,4
1394,decided,11
1395,decidedly,4
1396,deciding,1
1397,decisions,1
1398,decisive,2
1399,decked,1
1400,declaration,5
1401,declare,8
1402,declared,15
1403,declares,1
1404,declaring,1
1405,decline,2
1406,declined,6
1407,decorum,4
1408,decorums,1
1409,deduced,1
1410,deemed,1
1411,deep,7
1412,deeper,3
1413,deepest,2
1414,deeply,5
1415,default,1
1416,defect,4
1417,defection,1
1418,defective,1
1419,defects,5
1420,defence,2
1421,defend,3
1422,defended,1
1423,defense,1
1424,defer,3
1425,deference,6
1426,deferred,2
1427,defiance,3
1428,deficiency,2
1429,deficient,5
1430,defied,1
1431,defined,2
1432,definition,1
1433,defy,4
1434,degenerate,1
1435,degradation,1
1436,degree,23
1437,degrees,1
1438,deigned,3
1439,dejection,3
1440,delay,6
1441,delayed,6
1442,deliberated,1
1443,deliberately,2
1444,deliberation,4
1445,delicacy,11
1446,delicate,6
1447,delicious,1
1448,delight,25
1449,delighted,23
1450,delightful,19
1451,delightfully,4
1452,delighting,1
1453,delights,2
1454,delivered,4
1455,delivering,1
1456,demand,3
1457,demanding,1
1458,demands,1
1459,demean,1
1460,denial,6
1461,denied,3
1462,denny,12
1463,denominated,1
1464,denoted,2
1465,deny,8
1466,denying,1
1467,depart,4
1468,departed,2
1469,departure,6
1470,depend,23
1471,depended,4
1472,dependence,7
1473,dependent,3
1474,depending,2
1475,deportment,1
1476,depravity,1
1477,depreciate,1
1478,depressed,2
1479,deprive,1
1480,deprived,3
1481,deranged,1
1482,derbyshire,24
1483,derision,2
1484,derive,2
1485,derived,1
1486,derives,1
1487,descended,3
1488,descending,2
1489,descent,3
1490,describe,7
1491,described,5
1492,describing,2
1493,description,7
1494,desert,1
1495,deserted,1
1496,desertion,1
1497,deserts,2
1498,deserve,9
1499,deserved,7
1500,deservedly,1
1501,deserves,4
1502,deserving,2
1503,design,22
1504,designed,5
1505,designedly,1
1506,designing,1
1507,designs,4
1508,desirable,11
1509,desire,23
1510,desired,6
1511,desiring,2
1512,desirous,7
1513,despair,1
1514,despaired,3
1515,desperate,3
1516,desperation,1
1517,despicable,1
1518,despicably,1
1519,despise,3
1520,despised,3
1521,despises,1
1522,despising,2
1523,desponding,1
1524,destined,4
1525,destitute,1
1526,destroyed,2
1527,destructive,1
1528,detached,3
1529,detaching,1
1530,detail,1
1531,detailed,1
1532,detain,2
1533,detained,3
1534,detaining,2
1535,detect,1
1536,detected,2
1537,detection,2
1538,deter,1
1539,determination,3
1540,determine,13
1541,determined,32
1542,determining,2
1543,detest,3
1544,detestable,1
1545,detested,1
1546,develop,1
1547,development,2
1548,device,1
1549,devoid,1
1550,devote,1
1551,devoted,3
1552,devoting,1
1553,dialogue,2
1554,dictate,1
1555,dictated,1
1556,dictates,1
1557,dictating,1
1558,dictatorial,1
1559,did,272
1560,die,4
1561,died,3
1562,differ,1
1563,difference,10
1564,differences,1
1565,different,36
1566,differently,7
1567,difficult,11
1568,difficulty,8
1569,diffidence,5
1570,diffident,1
1571,diffuse,1
1572,diffused,1
1573,diffuseness,1
1574,dignified,3
1575,dignity,5
1576,digressions,1
1577,dilatory,2
1578,diligence,1
1579,dimensions,1
1580,diminution,1
1581,dine,16
1582,dined,8
1583,dines,1
1584,dining,18
1585,dinner,35
1586,dinners,2
1587,direct,7
1588,directed,9
1589,directing,2
1590,direction,10
1591,directions,7
1592,directly,22
1593,dirt,2
1594,dirty,4
1595,disadvantage,5
1596,disadvantages,2
1597,disagreeable,14
1598,disagreeably,1
1599,disagreement,1
1600,disappoint,2
1601,disappointed,12
1602,disappointing,3
1603,disappointment,17
1604,disappointments,1
1605,disapprobation,7
1606,disapprove,1
1607,disarm,1
1608,disbelieving,1
1609,discern,2
1610,discernible,1
1611,discerning,1
1612,discernment,2
1613,discharge,2
1614,discharged,3
1615,discharging,2
1616,disclaim,1
1617,disclaimed,1
1618,disclose,1
1619,disclosed,1
1620,disclosure,1
1621,discompose,1
1622,discomposed,2
1623,discomposure,3
1624,disconcerted,3
1625,discontented,2
1626,discontentedness,1
1627,discontinuance,1
1628,discourage,2
1629,discouraged,2
1630,discourse,7
1631,discourses,1
1632,discover,8
1633,discovered,7
1634,discovering,1
1635,discovery,7
1636,discredit,2
1637,discreditable,1
1638,discretion,5
1639,discrimination,1
1640,discuss,2
1641,discussed,3
1642,discussion,5
1643,disdain,6
1644,disdained,3
1645,disengaged,2
1646,disgrace,11
1647,disgraced,1
1648,disgraceful,5
1649,disgracing,2
1650,disguise,4
1651,disgust,5
1652,disgusted,3
1653,disgusting,1
1654,dish,5
1655,disheartened,1
1656,dishes,1
1657,dishonest,1
1658,dishonesty,1
1659,dishonorable,1
1660,dishonourable,1
1661,disinclination,2
1662,disinclined,1
1663,disinterested,3
1664,disinterestedness,1
1665,dislike,23
1666,disliked,4
1667,dislikes,1
1668,disliking,1
1669,dismay,1
1670,dismissed,3
1671,dismission,1
1672,disobliging,1
1673,dispatched,4
1674,dispelling,1
1675,dispense,1
1676,dispirited,1
1677,display,4
1678,displayed,3
1679,displaying,2
1680,displease,1
1681,displeased,4
1682,displeasure,6
1683,disposal,2
1684,dispose,1
1685,disposed,15
1686,disposing,1
1687,disposition,25
1688,dispositions,1
1689,disputable,1
1690,dispute,2
1691,disputes,1
1692,disquiet,1
1693,disregarded,1
1694,disrespect,2
1695,disrespectful,1
1696,dissatisfied,4
1697,dissemble,1
1698,disservice,1
1699,dissipation,1
1700,dissolved,1
1701,dissuade,1
1702,dissuaded,1
1703,distance,16
1704,distant,5
1705,distinction,5
1706,distinguish,2
1707,distinguished,6
1708,distinguishing,2
1709,distracted,2
1710,distractedly,1
1711,distraction,1
1712,distress,16
1713,distressed,13
1714,distressing,6
1715,distribute,1
1716,distrust,2
1717,distrusted,1
1718,disturb,1
1719,disturbance,1
1720,disturbed,2
1721,disturbers,1
1722,diversified,1
1723,diversion,3
1724,divert,1
1725,diverted,3
1726,divide,3
1727,divided,4
1728,dividing,1
1729,do,347
1730,does,85
1731,doing,26
1732,doings,2
1733,doleful,1
1734,domestic,7
1735,domestics,1
1736,don,6
1737,done,92
1738,door,35
1739,doors,8
1740,doorway,1
1741,dose,1
1742,double,2
1743,doubled,1
1744,doubly,1
1745,doubt,37
1746,doubted,8
1747,doubtful,2
1748,doubting,2
1749,doubtingly,1
1750,doubtless,2
1751,doubts,2
1752,dove,1
1753,dovedale,1
1754,down,73
1755,downs,1
1756,downstairs,6
1757,dozen,2
1758,draughts,2
1759,draw,6
1760,drawing,21
1761,drawings,1
1762,drawn,8
1763,dread,4
1764,dreaded,7
1765,dreadful,11
1766,dreadfully,2
1767,dreading,1
1768,dress,5
1769,dressed,6
1770,dresses,1
1771,dressing,9
1772,drew,19
1773,drily,2
1774,drink,7
1775,drinking,1
1776,drive,4
1777,driven,5
1778,driving,4
1779,drooping,1
1780,drop,3
1781,dropped,3
1782,dropt,2
1783,drove,11
1784,duchess,1
1785,ducks,1
1786,ductility,1
1787,due,11
1788,duel,1
1789,duets,1
1790,dull,4
1791,dullest,1
1792,dullness,1
1793,dupe,1
1794,duped,1
1795,duplicity,2
1796,duration,2
1797,during,27
1798,duties,2
1799,dutifully,2
1800,duty,15
1801,dwell,2
1802,dwelling,7
1803,dwelt,5
1804,dying,3
1805,e,1
1806,each,63
1807,eager,13
1808,eagerly,14
1809,eagerness,8
1810,ear,1
1811,earl,2
1812,earlier,3
1813,earliest,6
1814,early,28
1815,earnest,15
1816,earnestly,11
1817,earnestness,2
1818,earth,1
1819,earthly,1
1820,ease,17
1821,easily,27
1822,easiness,3
1823,eastbourne,1
1824,easter,3
1825,easy,24
1826,eat,5
1827,eating,2
1828,eccentric,1
1829,echo,1
1830,eclat,1
1831,eclipsed,1
1832,economically,1
1833,economy,5
1834,ecstasy,2
1835,edge,2
1836,edged,2
1837,educated,3
1838,education,11
1839,edw,1
1840,edward,1
1841,effect,18
1842,effects,3
1843,effectual,1
1844,effectually,3
1845,efficacy,1
1846,effort,5
1847,efforts,2
1848,effusion,2
1849,effusions,2
1850,eight,9
1851,either,59
1852,elapsed,2
1853,elated,1
1854,elder,12
1855,elderly,1
1856,eldest,20
1857,elegance,9
1858,elegant,14
1859,elevate,1
1860,elevated,2
1861,elevating,1
1862,elevation,1
1863,eleven,1
1864,eligibility,1
1865,eligible,7
1866,eliza,22
1867,elizabeth,635
1868,elope,1
1869,eloped,1
1870,elopement,9
1871,eloping,1
1872,eloquence,1
1873,eloquent,2
1874,else,43
1875,elsewhere,5
1876,eluded,1
1877,embargo,1
1878,embarrassed,7
1879,embarrassment,10
1880,embraced,2
1881,embracing,2
1882,emergence,1
1883,eminence,1
1884,eminent,1
1885,emotion,5
1886,emotions,1
1887,emphasis,1
1888,emphatic,1
1889,emphatically,1
1890,employ,2
1891,employed,8
1892,employing,1
1893,employment,6
1894,employments,4
1895,emptiness,1
1896,empty,1
1897,enable,1
1898,enabled,2
1899,enabling,1
1900,encamped,1
1901,encounter,3
1902,encourage,6
1903,encouraged,8
1904,encouragement,10
1905,encouraging,4
1906,encroaching,1
1907,encumbrance,1
1908,end,29
1909,endeared,1
1910,endeavour,21
1911,endeavoured,10
1912,endeavouring,5
1913,endeavours,7
1914,ended,4
1915,endless,2
1916,endurable,1
1917,endure,1
1918,endured,4
1919,enduring,1
1920,enemies,1
1921,enemy,1
1922,energetic,1
1923,energy,5
1924,enforced,1
1925,engage,5
1926,engaged,38
1927,engagement,20
1928,engagements,12
1929,engaging,6
1930,england,5
1931,engross,1
1932,engrossed,5
1933,engrossing,1
1934,enhance,1
1935,enjoy,8
1936,enjoying,4
1937,enjoyment,13
1938,enjoyments,1
1939,enlarging,1
1940,ennight,1
1941,enormity,1
1942,enough,106
1943,enraged,1
1944,ensign,1
1945,ensigncy,1
1946,ensue,1
1947,ensued,2
1948,ensuing,1
1949,ensure,2
1950,entail,8
1951,entailed,6
1952,entailing,1
1953,enter,12
1954,entered,36
1955,entering,9
1956,entertain,5
1957,entertained,7
1958,entertainment,6
1959,entirely,25
1960,entitled,4
1961,entrance,13
1962,entreat,6
1963,entreated,2
1964,entreaties,4
1965,entreating,1
1966,entreaty,7
1967,enumerating,5
1968,enumeration,1
1969,envelope,3
1970,envied,2
1971,environs,1
1972,envy,3
1973,envying,1
1974,epithet,1
1975,epsom,3
1976,equal,30
1977,equalled,1
1978,equally,20
1979,equals,1
1980,equipage,1
1981,equivalent,1
1982,equivocal,1
1983,ere,2
1984,err,3
1985,errand,1
1986,error,6
1987,errors,3
1988,escape,10
1989,escaped,5
1990,escaping,1
1991,especially,22
1992,esq,1
1993,essence,1
1994,essential,2
1995,essentials,2
1996,establish,2
1997,established,7
1998,establishment,6
1999,estate,20
2000,estates,4
2001,esteem,11
2002,esteemed,7
2003,estimable,2
2004,estimated,1
2005,estimation,5
2006,etc,13
2007,etiquette,2
2008,evade,1
2009,even,82
2010,evening,74
2011,evenings,4
2012,evenness,2
2013,event,22
2014,events,5
2015,ever,130
2016,every,198
2017,everybody,38
2018,everyone,6
2019,everything,44
2020,everywhere,2
2021,evident,18
2022,evidently,5
2023,evil,14
2024,evils,8
2025,exact,3
2026,exactly,30
2027,exaggerate,1
2028,exaggeration,1
2029,examination,3
2030,examine,2
2031,examined,4
2032,examining,4
2033,example,5
2034,exasperate,2
2035,exceed,2
2036,exceeded,2
2037,exceeding,1
2038,exceedingly,26
2039,excel,2
2040,excellence,2
2041,excellency,1
2042,excellent,20
2043,except,22
2044,excepting,3
2045,exception,1
2046,exceptional,1
2047,excess,2
2048,excessive,4
2049,excessively,11
2050,exchanged,1
2051,excite,3
2052,excited,10
2053,exciting,2
2054,exclaim,1
2055,exclaimed,8
2056,exclaiming,4
2057,exclamation,2
2058,exclamations,3
2059,exclude,1
2060,exclusion,1
2061,excuse,16
2062,excused,2
2063,excuses,2
2064,executed,1
2065,execution,4
2066,executors,1
2067,exercise,6
2068,exercising,2
2069,exert,2
2070,exerted,2
2071,exerting,1
2072,exertion,9
2073,exhausted,1
2074,exhibit,1
2075,exhibiting,1
2076,exhibition,2
2077,exigence,1
2078,exist,1
2079,existed,3
2080,existence,3
2081,existing,2
2082,expect,35
2083,expectation,19
2084,expectations,7
2085,expected,43
2086,expecting,5
2087,expects,1
2088,expedient,2
2089,expedite,1
2090,expeditiously,2
2091,expence,1
2092,expences,1
2093,expense,6
2094,expenses,3
2095,experience,2
2096,experienced,4
2097,explain,6
2098,explained,9
2099,explaining,3
2100,explanation,8
2101,explanations,2
2102,explanatory,1
2103,explicit,2
2104,explicitly,1
2105,explore,1
2106,expose,7
2107,exposed,2
2108,exposing,5
2109,expostulation,1
2110,exposure,1
2111,express,24
2112,expressed,26
2113,expressing,8
2114,expression,22
2115,expressions,12
2116,expressive,2
2117,expressively,2
2118,expressly,1
2119,exquisite,1
2120,extended,3
2121,extensive,4
2122,extent,7
2123,extenuating,1
2124,extinguished,1
2125,extort,1
2126,extorted,1
2127,extractions,1
2128,extracts,2
2129,extraordinary,16
2130,extravagance,4
2131,extravagant,4
2132,extreme,4
2133,extremely,15
2134,exuberance,1
2135,exuberant,1
2136,exultation,1
2137,eye,15
2138,eyeing,1
2139,eyelashes,1
2140,eyes,52
2141,f,5
2142,face,27
2143,faced,1
2144,faces,3
2145,fact,14
2146,facts,1
2147,faculties,1
2148,fail,6
2149,failed,3
2150,failing,2
2151,failure,1
2152,faint,1
2153,fainter,2
2154,faintly,1
2155,fair,22
2156,fairest,1
2157,fairly,2
2158,faithful,3
2159,faithfully,1
2160,fall,9
2161,fallen,3
2162,falling,3
2163,falls,2
2164,false,12
2165,falsehood,7
2166,falsely,1
2167,fame,1
2168,familiar,3
2169,familiarity,2
2170,familiarly,2
2171,families,7
2172,family,152
2173,fancied,7
2174,fancy,19
2175,fancying,4
2176,far,58
2177,fare,2
2178,farewell,3
2179,farm,2
2180,farmhouse,1
2181,farther,15
2182,farthing,1
2183,fashion,7
2184,fashionable,1
2185,fashions,2
2186,fast,8
2187,fastened,1
2188,fastidious,2
2189,fat,1
2190,fate,2
2191,father,135
2192,fatigue,4
2193,fatigued,4
2194,fault,7
2195,faultless,1
2196,faults,4
2197,faulty,3
2198,favour,22
2199,favourable,12
2200,favourably,2
2201,favoured,1
2202,favourite,22
2203,favourites,2
2204,favours,2
2205,fear,24
2206,feared,11
2207,fearful,5
2208,fearing,3
2209,fearless,1
2210,fears,9
2211,feather,1
2212,feathers,1
2213,feature,2
2214,features,8
2215,february,1
2216,feel,39
2217,feeling,38
2218,feelingly,1
2219,feelings,86
2220,feels,4
2221,feet,1
2222,felicitations,1
2223,felicity,18
2224,fell,2
2225,fellow,9
2226,fellows,2
2227,felt,100
2228,female,8
2229,females,2
2230,fender,1
2231,fervent,1
2232,fervently,1
2233,fetch,3
2234,fetched,1
2235,feverish,2
2236,few,71
2237,fewer,1
2238,fidget,1
2239,fidgets,1
2240,fidgety,1
2241,field,3
2242,fields,1
2243,fifteen,4
2244,fifth,1
2245,fifty,6
2246,fight,2
2247,fighting,1
2248,figure,8
2249,figures,1
2250,filial,2
2251,fill,1
2252,filled,1
2253,filling,1
2254,final,1
2255,finally,7
2256,finances,1
2257,find,58
2258,finding,13
2259,finds,1
2260,fine,32
2261,finer,5
2262,finery,2
2263,finest,2
2264,fingering,1
2265,fingers,3
2266,finish,4
2267,finished,11
2268,finishing,1
2269,fire,6
2270,fireplace,1
2271,firm,3
2272,firmest,2
2273,firmly,1
2274,firmness,1
2275,first,145
2276,fish,5
2277,fishing,4
2278,fit,4
2279,fitted,6
2280,fitzwilliam,37
2281,five,32
2282,fix,3
2283,fixed,22
2284,fixing,2
2285,flaming,1
2286,flat,1
2287,flatter,10
2288,flattered,7
2289,flattering,4
2290,flew,2
2291,flight,3
2292,flirt,4
2293,flirtation,2
2294,flirting,2
2295,flogged,1
2296,flow,4
2297,flowed,1
2298,flowing,1
2299,fluctuating,1
2300,fluently,1
2301,flutter,3
2302,fluttered,1
2303,flutterings,1
2304,flying,2
2305,folded,1
2306,folios,1
2307,follies,4
2308,follow,11
2309,followed,25
2310,following,23
2311,follows,8
2312,folly,11
2313,fond,16
2314,fonder,2
2315,food,1
2316,fool,3
2317,foolish,8
2318,foot,1
2319,footing,2
2320,footman,1
2321,footstool,1
2322,for,1060
2323,forbade,1
2324,forbearance,6
2325,forbearing,1
2326,forbid,4
2327,forbidding,1
2328,forbore,1
2329,force,8
2330,forced,20
2331,forcibly,4
2332,forcing,1
2333,fordyce,1
2334,forego,1
2335,foresaw,1
2336,foresee,1
2337,foreseen,2
2338,foretold,1
2339,forever,3
2340,forfeit,1
2341,forfeited,1
2342,forgave,1
2343,forget,17
2344,forgetfulness,1
2345,forgets,1
2346,forgetting,2
2347,forgive,10
2348,forgiven,1
2349,forgiveness,2
2350,forgiving,1
2351,forgot,5
2352,forgotten,12
2353,forlorn,1
2354,form,13
2355,formal,8
2356,formality,3
2357,formation,1
2358,formed,16
2359,former,39
2360,formerly,7
2361,formidable,4
2362,forming,4
2363,forms,2
2364,forster,39
2365,forsters,1
2366,forth,4
2367,fortitude,1
2368,fortnight,23
2369,fortunate,15
2370,fortunately,2
2371,fortune,39
2372,fortunes,1
2373,forty,1
2374,forward,27
2375,forwarded,2
2376,forwarder,1
2377,forwarding,1
2378,forwards,1
2379,foul,1
2380,found,66
2381,foundation,4
2382,foundations,1
2383,founded,3
2384,four,35
2385,fourth,2
2386,fourthly,1
2387,foxhounds,1
2388,frailty,1
2389,frame,1
2390,frankly,1
2391,frankness,4
2392,freckled,1
2393,free,7
2394,freedom,4
2395,freely,4
2396,french,1
2397,frequent,13
2398,frequently,23
2399,fresh,9
2400,fresher,1
2401,fret,3
2402,fretfully,2
2403,fretfulness,2
2404,friday,1
2405,friend,112
2406,friendless,1
2407,friendlier,1
2408,friendly,7
2409,friends,55
2410,friendship,9
2411,frighted,1
2412,frighten,1
2413,frightened,7
2414,frisks,1
2415,frivolous,3
2416,from,493
2417,front,5
2418,fronted,2
2419,frost,1
2420,fruit,1
2421,fruits,2
2422,fugitives,1
2423,fulfil,1
2424,full,19
2425,fullest,1
2426,fully,5
2427,fun,8
2428,furnish,4
2429,furnished,1
2430,furniture,10
2431,further,21
2432,fuss,1
2433,future,15
2434,gaieties,2
2435,gaiety,2
2436,gaily,2
2437,gain,2
2438,gained,11
2439,gaining,3
2440,gallant,1
2441,gallantry,8
2442,gallery,5
2443,game,7
2444,gamester,1
2445,gaming,1
2446,gaped,1
2447,garden,12
2448,gardener,2
2449,gardiner,97
2450,gardiners,6
2451,gate,6
2452,gates,2
2453,gathered,2
2454,gathering,1
2455,gaudy,1
2456,gave,54
2457,gay,2
2458,gayer,1
2459,gaze,1
2460,general,51
2461,generality,2
2462,generally,16
2463,generation,1
2464,generations,1
2465,generous,12
2466,generously,1
2467,genius,2
2468,genteel,3
2469,gentle,5
2470,gentleman,39
2471,gentlemanlike,8
2472,gentlemen,38
2473,gentleness,4
2474,gentlest,1
2475,gentlewoman,1
2476,genuine,2
2477,george,8
2478,georgiana,15
2479,get,52
2480,gets,1
2481,getting,7
2482,giddiness,1
2483,gift,1
2484,gig,1
2485,girl,38
2486,girls,45
2487,give,123
2488,given,55
2489,gives,9
2490,giving,25
2491,glad,37
2492,gladly,1
2493,glance,7
2494,glancing,4
2495,glass,2
2496,glazing,1
2497,glen,1
2498,glimpse,2
2499,gloom,3
2500,gloomy,2
2501,gloried,1
2502,glories,1
2503,glory,1
2504,glove,1
2505,glow,3
2506,glowing,1
2507,go,104
2508,god,4
2509,godfather,1
2510,godson,2
2511,goes,2
2512,going,57
2513,gone,62
2514,good,201
2515,goodness,10
2516,goodwill,2
2517,gossiping,1
2518,got,25
2519,goulding,1
2520,gouldings,2
2521,governed,2
2522,governess,8
2523,gown,7
2524,gowns,2
2525,grace,1
2526,gracechurch,9
2527,graceful,1
2528,gracefully,1
2529,graces,1
2530,gracious,8
2531,graciously,1
2532,graciousness,1
2533,gradual,1
2534,gradually,6
2535,grain,1
2536,grand,2
2537,grandeur,4
2538,grandfather,1
2539,grantley,1
2540,grapes,1
2541,grasp,1
2542,grateful,13
2543,gratefully,3
2544,gratification,1
2545,gratified,14
2546,gratify,2
2547,gratifying,6
2548,gratitude,24
2549,gratulation,2
2550,grave,9
2551,gravel,3
2552,gravely,4
2553,gravity,4
2554,great,142
2555,greater,25
2556,greatest,20
2557,greatly,14
2558,greatness,2
2559,green,3
2560,gretna,2
2561,grew,6
2562,grief,2
2563,griefs,1
2564,grievances,2
2565,grieve,3
2566,grieved,12
2567,grieving,1
2568,grievous,3
2569,grievously,1
2570,gross,2
2571,grossest,1
2572,grosvenor,2
2573,ground,11
2574,grounds,6
2575,groundwork,1
2576,group,2
2577,grouped,1
2578,grove,3
2579,grow,4
2580,growing,3
2581,grown,5
2582,growth,1
2583,guard,7
2584,guarded,9
2585,guardian,1
2586,guardians,1
2587,guardianship,3
2588,guess,5
2589,guessed,3
2590,guest,5
2591,guests,1
2592,guidance,2
2593,guide,2
2594,guided,2
2595,guiding,1
2596,guilt,3
2597,guilty,2
2598,guinea,1
2599,gulf,1
2600,habit,7
2601,habits,3
2602,habitual,1
2603,hack,1
2604,hackney,3
2605,hackneyed,1
2606,had,1177
2607,haggerston,2
2608,hair,3
2609,half,70
2610,hall,13
2611,ham,1
2612,hand,25
2613,handed,3
2614,handkerchief,1
2615,hands,7
2616,handsome,37
2617,handsomely,2
2618,handsomer,3
2619,handsomest,4
2620,handwriting,1
2621,hang,1
2622,hanging,1
2623,happen,12
2624,happened,24
2625,happening,2
2626,happens,4
2627,happier,3
2628,happiest,10
2629,happily,5
2630,happiness,72
2631,happy,83
2632,harboured,1
2633,hard,12
2634,hardened,1
2635,hardest,1
2636,hardly,46
2637,hardship,1
2638,hardships,1
2639,harm,4
2640,harmony,1
2641,harp,1
2642,harriet,2
2643,harringtons,1
2644,harshly,1
2645,has,221
2646,haste,9
2647,hasten,1
2648,hastened,4
2649,hastening,2
2650,hastily,9
2651,hasty,5
2652,hat,2
2653,hate,9
2654,hated,4
2655,hatefully,1
2656,hates,2
2657,hatfield,1
2658,hating,1
2659,hatred,1
2660,haughty,3
2661,haunch,1
2662,haunt,1
2663,hauteur,2
2664,have,842
2665,having,96
2666,haye,1
2667,hazarded,1
2668,he,1334
2669,head,32
2670,headache,2
2671,headed,1
2672,headquarters,1
2673,heads,1
2674,headstrong,4
2675,heal,1
2676,health,18
2677,healthful,1
2678,healthfulness,1
2679,healthy,1
2680,hear,71
2681,heard,86
2682,hearers,1
2683,hearing,24
2684,hears,1
2685,heart,45
2686,hearted,1
2687,heartedness,1
2688,heartening,1
2689,heartfelt,1
2690,hearth,1
2691,heartily,10
2692,hearty,2
2693,heaven,12
2694,heavens,1
2695,heavier,1
2696,heavy,4
2697,hedge,1
2698,heedless,1
2699,height,3
2700,heighten,1
2701,heightened,8
2702,heinous,1
2703,heiress,1
2704,heirs,1
2705,held,5
2706,help,41
2707,hence,1
2708,henceforth,1
2709,her,2224
2710,here,69
2711,hereabouts,2
2712,hereafter,3
2713,heretofore,1
2714,hermitage,1
2715,hers,8
2716,herself,227
2717,hertfordshire,41
2718,hesitate,3
2719,hesitated,3
2720,hesitating,1
2721,hesitation,3
2722,hide,2
2723,high,17
2724,higher,4
2725,highest,9
2726,highflown,1
2727,highly,28
2728,hill,10
2729,hills,3
2730,him,764
2731,himself,127
2732,hint,12
2733,hinted,1
2734,hints,4
2735,hire,1
2736,hired,1
2737,his,1271
2738,histories,1
2739,history,4
2740,hither,3
2741,hitherto,2
2742,hold,7
2743,holding,2
2744,home,66
2745,honest,1
2746,honestly,4
2747,honour,42
2748,honourable,6
2749,honoured,9
2750,honours,2
2751,hope,121
2752,hoped,20
2753,hopeless,7
2754,hopes,23
2755,hoping,4
2756,horrible,1
2757,horrid,3
2758,horror,5
2759,horse,3
2760,horseback,2
2761,horses,8
2762,horsewoman,1
2763,hospitality,3
2764,hot,3
2765,hotel,1
2766,hotels,1
2767,hour,38
2768,hours,27
2769,house,107
2770,household,1
2771,housekeeper,16
2772,housekeeping,3
2773,housemaid,2
2774,housemaids,1
2775,houses,4
2776,how,231
2777,however,134
2778,howsoever,1
2779,hug,1
2780,human,6
2781,humanity,2
2782,humble,9
2783,humbled,4
2784,humbling,1
2785,humiliating,2
2786,humiliation,2
2787,humility,5
2788,humour,25
2789,humoured,7
2790,hundred,6
2791,hunsford,25
2792,hunting,1
2793,hurried,10
2794,hurry,11
2795,hurrying,3
2796,hurst,33
2797,hursts,1
2798,hurt,6
2799,hurts,1
2800,husband,50
2801,husbands,4
2802,hushed,1
2803,hypocrisy,1
2804,hypocritical,2
2805,hysterics,1
2806,i,2070
2807,idea,49
2808,ideas,13
2809,idle,8
2810,idleness,2
2811,if,350
2812,ignorance,7
2813,ignorant,16
2814,ill,75
2815,illiberal,1
2816,illiterate,1
2817,illness,2
2818,illustration,1
2819,illustrious,1
2820,imaginable,2
2821,imaginary,5
2822,imagination,4
2823,imaginations,1
2824,imagine,27
2825,imagined,5
2826,imitate,1
2827,imitated,1
2828,imitation,1
2829,imitations,1
2830,immediate,12
2831,immediately,60
2832,immoral,1
2833,immovable,2
2834,imparted,1
2835,impartial,3
2836,impartiality,1
2837,impassable,1
2838,impatience,10
2839,impatient,8
2840,impatiently,5
2841,impelled,1
2842,impenetrably,1
2843,imperfection,1
2844,imperfectly,1
2845,impertinence,8
2846,impertinent,6
2847,imperturbably,1
2848,impetuous,1
2849,implacability,1
2850,implacable,1
2851,implicit,1
2852,implicitness,1
2853,implied,1
2854,implies,1
2855,imply,1
2856,impolitic,1
2857,importance,27
2858,important,10
2859,importing,1
2860,importune,1
2861,importuned,1
2862,impose,2
2863,imposed,4
2864,imposing,1
2865,impossible,44
2866,impressed,1
2867,impressing,1
2868,impression,7
2869,impressive,1
2870,improbable,7
2871,improper,2
2872,improprieties,1
2873,impropriety,5
2874,improve,3
2875,improved,6
2876,improvement,9
2877,improvements,1
2878,improves,2
2879,imprudence,9
2880,imprudent,11
2881,impudence,3
2882,impudent,1
2883,impulse,3
2884,impulses,1
2885,impunity,1
2886,impurities,1
2887,impute,1
2888,imputed,4
2889,imputing,1
2890,in,1880
2891,inadequate,1
2892,inattention,2
2893,inattentive,2
2894,incapable,8
2895,incautiously,1
2896,incensed,2
2897,incessant,1
2898,incessantly,2
2899,inches,1
2900,incivility,3
2901,inclination,22
2902,inclinations,1
2903,inclined,10
2904,include,1
2905,included,2
2906,including,2
2907,income,11
2908,incomprehensible,2
2909,inconceivable,1
2910,inconsiderable,1
2911,inconsistencies,2
2912,inconsistency,2
2913,inconvenience,6
2914,inconveniences,2
2915,inconvenient,4
2916,increase,6
2917,increased,11
2918,increases,1
2919,increasing,10
2920,incredible,3
2921,incredulity,3
2922,incredulous,3
2923,incumbent,4
2924,incur,1
2925,incurred,1
2926,indebted,8
2927,indecision,1
2928,indecorum,1
2929,indeed,95
2930,indefinite,1
2931,indelicacy,2
2932,indelicate,1
2933,independence,6
2934,independent,2
2935,indicated,1
2936,indifference,17
2937,indifferent,16
2938,indignant,2
2939,indignation,8
2940,indignity,2
2941,indirect,2
2942,indiscreet,1
2943,indispensably,1
2944,indisposed,2
2945,indistinctly,1
2946,individual,2
2947,individually,1
2948,indolence,2
2949,indolent,1
2950,induce,3
2951,induced,2
2952,inducement,5
2953,inducements,1
2954,indulge,5
2955,indulged,2
2956,indulgence,6
2957,indulgent,1
2958,indulging,1
2959,industriously,1
2960,ineffectual,1
2961,inevitable,3
2962,inevitably,1
2963,inexhaustible,1
2964,inexpressible,1
2965,inexpressibly,1
2966,infamous,4
2967,infamy,4
2968,infancy,2
2969,infatuation,1
2970,inferences,1
2971,inferior,5
2972,inferiority,3
2973,infinite,2
2974,infinitely,4
2975,inflexibly,1
2976,inflict,2
2977,inflicted,1
2978,infliction,1
2979,influence,14
2980,influenced,1
2981,influencing,1
2982,inform,7
2983,informality,1
2984,information,27
2985,informed,12
2986,informing,2
2987,informs,1
2988,ingenious,2
2989,ingenuity,2
2990,ingratitude,1
2991,inhabitants,3
2992,inherit,1
2993,inherited,1
2994,inheriting,2
2995,inhumanity,1
2996,iniquitous,1
2997,injunction,1
2998,injunctions,1
2999,injure,2
3000,injured,4
3001,injuries,1
3002,injuring,1
3003,injurious,2
3004,injury,1
3005,injustice,4
3006,inmate,1
3007,inmates,1
3008,inn,7
3009,innocence,1
3010,innocent,2
3011,innocently,1
3012,inns,1
3013,inoffensive,1
3014,inquire,10
3015,inquired,8
3016,inquiries,23
3017,inquiring,5
3018,inquiry,10
3019,insensibility,5
3020,insensible,4
3021,insignificance,3
3022,insignificant,1
3023,insincere,2
3024,insinuating,1
3025,insipid,1
3026,insipidity,1
3027,insist,8
3028,insisted,1
3029,insists,1
3030,insolence,1
3031,insolent,5
3032,inspection,2
3033,inspire,1
3034,inspired,2
3035,inspires,1
3036,inspiring,1
3037,instability,1
3038,instance,7
3039,instances,4
3040,instant,6
3041,instantaneous,1
3042,instantly,31
3043,instead,21
3044,instinctively,2
3045,instituted,1
3046,instruct,1
3047,instructed,1
3048,instructing,1
3049,instruction,2
3050,instructions,3
3051,instrument,11
3052,insufferable,1
3053,insufferably,1
3054,insufficient,10
3055,insulted,1
3056,insulting,1
3057,insupportable,3
3058,integrity,3
3059,intelligence,19
3060,intelligent,4
3061,intelligible,4
3062,intend,3
3063,intended,21
3064,intending,7
3065,intention,15
3066,intentionally,2
3067,intentions,6
3068,intently,2
3069,intercourse,6
3070,interest,26
3071,interested,8
3072,interesting,14
3073,interfere,1
3074,interference,13
3075,interfering,1
3076,intermarriage,1
3077,intermediate,1
3078,intermission,3
3079,interpose,1
3080,interpretation,1
3081,interrupt,5
3082,interrupted,9
3083,interrupting,2
3084,interruption,10
3085,interruptions,1
3086,interval,4
3087,intervals,3
3088,intervene,1
3089,interview,3
3090,intimacy,10
3091,intimate,13
3092,intimately,2
3093,intimates,1
3094,intimation,1
3095,intimidate,1
3096,intimidated,1
3097,into,142
3098,intolerable,3
3099,intrepidity,1
3100,intricate,2
3101,intrigues,1
3102,introduce,11
3103,introduced,9
3104,introducing,4
3105,introduction,11
3106,intrude,2
3107,intruder,1
3108,intruding,2
3109,intrusion,3
3110,inured,1
3111,invalid,1
3112,invaluable,3
3113,invariable,1
3114,invariably,2
3115,invectives,1
3116,invent,1
3117,inventing,1
3118,invention,1
3119,investigation,1
3120,invitation,34
3121,invitations,1
3122,invite,6
3123,invited,11
3124,inviting,3
3125,involuntarily,2
3126,involuntary,1
3127,involve,2
3128,involved,3
3129,involves,1
3130,involving,2
3131,irish,1
3132,irksome,2
3133,irregularity,1
3134,irreligious,1
3135,irremediable,1
3136,irreproachable,1
3137,irretrievable,1
3138,irrevocably,1
3139,irritable,2
3140,irritated,1
3141,irritation,3
3142,is,860
3143,it,1534
3144,italian,1
3145,its,105
3146,itself,9
3147,james,6
3148,jane,292
3149,january,2
3150,jealous,3
3151,jealousy,4
3152,jenkinson,9
3153,jestingly,1
3154,jewel,1
3155,jewels,1
3156,jilt,1
3157,john,2
3158,join,19
3159,joined,28
3160,joining,5
3161,joints,1
3162,joke,3
3163,jokes,1
3164,joking,1
3165,jones,5
3166,jot,1
3167,journey,21
3168,journeys,1
3169,joy,12
3170,joyful,2
3171,joyfully,1
3172,judge,12
3173,judged,7
3174,judgement,11
3175,judging,3
3176,judgment,2
3177,july,1
3178,jumbled,1
3179,jumped,1
3180,jumping,1
3181,jumps,1
3182,june,3
3183,junior,1
3184,just,73
3185,justice,15
3186,justification,1
3187,justified,5
3188,justify,6
3189,justifying,1
3190,justly,3
3191,keener,1
3192,keenest,3
3193,keep,26
3194,keeping,4
3195,keeps,3
3196,kenilworth,1
3197,kent,14
3198,kept,17
3199,kill,1
3200,killed,4
3201,kind,61
3202,kinder,2
3203,kindest,1
3204,kindled,1
3205,kindly,7
3206,kindness,29
3207,kindred,1
3208,kinds,1
3209,king,8
3210,kingdom,4
3211,kiss,1
3212,kissed,2
3213,kitchen,1
3214,kitty,71
3215,knees,1
3216,knew,58
3217,knighthood,2
3218,know,238
3219,knowing,27
3220,knowledge,20
3221,known,58
3222,knows,9
3223,kympton,1
3224,la,3
3225,labour,1
3226,lace,1
3227,laconic,1
3228,lad,1
3229,ladies,74
3230,lady,191
3231,ladyship,42
3232,lagged,2
3233,laid,8
3234,laity,1
3235,lakes,6
3236,lambton,10
3237,lament,3
3238,lamentations,3
3239,lamented,1
3240,lamenting,1
3241,land,1
3242,landing,1
3243,landlord,2
3244,lane,10
3245,lanes,1
3246,language,5
3247,languages,1
3248,languor,1
3249,larder,1
3250,large,23
3251,larger,6
3252,largest,1
3253,last,120
3254,lasted,3
3255,lasting,2
3256,lastly,1
3257,late,19
3258,lately,12
3259,later,3
3260,latest,1
3261,latter,22
3262,latterly,1
3263,laudable,1
3264,laugh,18
3265,laughed,11
3266,laughing,11
3267,laughingly,2
3268,laughter,2
3269,laurel,1
3270,law,17
3271,lawfully,1
3272,lawn,5
3273,lay,6
3274,laying,2
3275,lead,6
3276,leading,5
3277,leads,3
3278,leaning,1
3279,learn,10
3280,learned,3
3281,learning,1
3282,learnt,14
3283,lease,1
3284,least,65
3285,leave,62
3286,leaves,2
3287,leaving,18
3288,led,18
3289,left,65
3290,legacy,1
3291,legal,1
3292,legally,1
3293,leisure,13
3294,leisurely,1
3295,lend,1
3296,length,32
3297,less,77
3298,lessen,4
3299,lessened,1
3300,lessening,1
3301,lesson,2
3302,lest,8
3303,let,75
3304,letter,116
3305,letters,16
3306,letting,5
3307,levelled,1
3308,lewis,3
3309,liable,2
3310,liberal,5
3311,liberality,2
3312,liberally,2
3313,liberties,1
3314,liberty,7
3315,library,23
3316,licence,2
3317,licentiousness,1
3318,lie,1
3319,lies,1
3320,lieu,2
3321,lieutenant,1
3322,life,56
3323,lifetime,1
3324,lift,4
3325,lifted,2
3326,light,18
3327,lighted,1
3328,lightness,1
3329,like,77
3330,liked,27
3331,likelihood,5
3332,likely,38
3333,likeness,3
3334,likes,9
3335,likewise,17
3336,liking,2
3337,limits,1
3338,line,8
3339,lines,9
3340,lingering,1
3341,lips,9
3342,list,3
3343,listen,12
3344,listened,21
3345,listener,3
3346,listening,10
3347,little,189
3348,live,21
3349,lived,14
3350,liveliest,3
3351,liveliness,4
3352,lively,15
3353,liverpool,1
3354,livery,2
3355,lives,4
3356,living,24
3357,livings,1
3358,lizzy,97
3359,ll,1
3360,lobby,1
3361,local,1
3362,lock,1
3363,lodge,8
3364,lodges,2
3365,lodgings,5
3366,lofty,1
3367,london,55
3368,long,115
3369,longbourn,88
3370,longed,9
3371,longer,44
3372,longing,2
3373,loo,2
3374,look,57
3375,looked,74
3376,looking,34
3377,looks,12
3378,loose,1
3379,lord,12
3380,lose,11
3381,loser,1
3382,losing,1
3383,loss,17
3384,losses,1
3385,lost,29
3386,lot,2
3387,lottery,3
3388,loud,2
3389,louder,1
3390,loudly,2
3391,louisa,6
3392,love,92
3393,loved,10
3394,loveliest,1
3395,loveliness,2
3396,lovely,3
3397,lover,5
3398,lovers,4
3399,loves,2
3400,loving,2
3401,low,8
3402,lower,4
3403,lowest,1
3404,lowness,1
3405,lucas,70
3406,lucases,14
3407,luck,4
3408,luckiest,1
3409,luckily,4
3410,luckless,1
3411,lucky,6
3412,luncheon,1
3413,lurking,1
3414,lustre,1
3415,lydia,171
3416,lying,1
3417,m,2
3418,ma,7
3419,madam,21
3420,made,126
3421,magistrate,1
3422,magnitude,1
3423,maid,3
3424,maiden,1
3425,maintain,1
3426,maintained,2
3427,maintaining,1
3428,make,167
3429,makes,7
3430,making,38
3431,male,1
3432,malice,2
3433,malicious,2
3434,mamma,11
3435,man,151
3436,manage,3
3437,managed,1
3438,management,4
3439,manager,1
3440,manifold,1
3441,mankind,1
3442,manner,98
3443,manners,45
3444,manoeuvre,1
3445,manor,2
3446,mansion,2
3447,mantelpiece,3
3448,many,119
3449,march,2
3450,maria,20
3451,mark,4
3452,marked,14
3453,market,2
3454,marks,2
3455,marriage,66
3456,married,61
3457,marry,42
3458,marrying,23
3459,mary,39
3460,master,28
3461,masterly,1
3462,masters,2
3463,match,24
3464,material,9
3465,materially,5
3466,maternal,2
3467,matlock,2
3468,matrimonial,1
3469,matrimony,6
3470,matter,29
3471,matters,8
3472,mature,1
3473,may,193
3474,mayoralty,1
3475,me,448
3476,meadows,1
3477,mean,34
3478,meanest,1
3479,meaning,14
3480,meanly,3
3481,meanness,1
3482,means,57
3483,meant,28
3484,meantime,1
3485,meanwhile,5
3486,measure,5
3487,measures,3
3488,meat,4
3489,mechanically,1
3490,mediocrity,1
3491,meditate,2
3492,meditated,2
3493,meditating,3
3494,meditation,1
3495,meditations,1
3496,meet,31
3497,meeting,22
3498,meetings,2
3499,meets,2
3500,melancholy,5
3501,member,1
3502,memories,2
3503,memory,8
3504,men,34
3505,mend,5
3506,mention,30
3507,mentioned,28
3508,mentioning,7
3509,mercenary,5
3510,mere,5
3511,merely,33
3512,merit,7
3513,merited,2
3514,merits,1
3515,merry,3
3516,meryton,57
3517,mess,1
3518,message,3
3519,messages,1
3520,met,39
3521,metcalf,1
3522,method,5
3523,michaelmas,2
3524,middle,3
3525,mien,1
3526,might,200
3527,mild,1
3528,mildly,1
3529,mildness,2
3530,mile,6
3531,miles,16
3532,military,1
3533,militia,6
3534,miller,1
3535,milliner,2
3536,mince,1
3537,mind,57
3538,minded,2
3539,mindful,1
3540,minds,4
3541,mine,15
3542,mingled,1
3543,mingling,1
3544,miniatures,3
3545,minute,9
3546,minutely,3
3547,minuteness,1
3548,minutes,37
3549,minutest,1
3550,miraculous,2
3551,mirth,2
3552,mischance,1
3553,mischief,3
3554,mischievously,1
3555,misconduct,2
3556,miserable,6
3557,miserably,1
3558,miseries,1
3559,miserly,1
3560,misery,14
3561,misfortune,9
3562,misfortunes,4
3563,mislead,1
3564,misleading,1
3565,misleads,1
3566,misled,1
3567,mismanagement,1
3568,misrepresentation,1
3569,misrepresented,2
3570,miss,283
3571,missed,3
3572,missent,2
3573,missing,1
3574,missish,1
3575,mistake,8
3576,mistaken,21
3577,mistakes,2
3578,mistook,1
3579,mistress,9
3580,mistrust,1
3581,misunderstand,3
3582,misunderstood,4
3583,misused,1
3584,mix,1
3585,mixed,2
3586,mixing,1
3587,mixture,5
3588,mode,5
3589,model,2
3590,moderate,2
3591,moderation,2
3592,modern,2
3593,modest,2
3594,modesty,6
3595,moment,70
3596,momentary,3
3597,moments,11
3598,monday,9
3599,money,27
3600,monosyllable,1
3601,monotonous,1
3602,month,9
3603,monthly,1
3604,months,21
3605,moral,3
3606,morality,1
3607,moralize,1
3608,more,326
3609,moreover,11
3610,morning,79
3611,mornings,2
3612,morris,1
3613,morrow,20
3614,mortal,2
3615,mortification,6
3616,mortifications,1
3617,mortified,5
3618,mortifies,1
3619,mortifying,6
3620,most,188
3621,mostly,1
3622,mother,137
3623,motion,1
3624,motive,17
3625,motives,7
3626,mount,2
3627,mountains,2
3628,mounting,1
3629,mouth,1
3630,mouths,2
3631,move,3
3632,moved,9
3633,moving,5
3634,mr,786
3635,mrs,343
3636,much,328
3637,mud,1
3638,muffin,1
3639,multitude,1
3640,murmurs,1
3641,music,12
3642,musical,1
3643,muslin,3
3644,muslins,1
3645,must,308
3646,mutual,5
3647,mutually,1
3648,my,719
3649,myself,94
3650,mystery,1
3651,name,33
3652,named,1
3653,names,6
3654,naming,1
3655,narrative,1
3656,narrow,2
3657,narrowest,1
3658,narrowly,2
3659,nasty,1
3660,natural,22
3661,naturally,12
3662,nature,24
3663,natured,11
3664,naturedly,1
3665,nay,10
3666,near,38
3667,nearer,5
3668,nearest,5
3669,nearly,8
3670,nearness,1
3671,neat,1
3672,neatness,2
3673,necessarily,3
3674,necessary,30
3675,necessity,11
3676,nectarines,1
3677,need,19
3678,needed,3
3679,needless,3
3680,needlessly,1
3681,needlework,1
3682,negative,3
3683,negatived,1
3684,neglect,11
3685,neglected,2
3686,neglecting,2
3687,negligence,1
3688,negligent,1
3689,neices,1
3690,neighbour,8
3691,neighbourhood,29
3692,neighbourhoods,1
3693,neighbouring,2
3694,neighbours,11
3695,neither,38
3696,nephew,22
3697,nephews,2
3698,nerves,4
3699,nervous,4
3700,net,1
3701,netherfield,73
3702,netting,1
3703,nettled,1
3704,never,220
3705,new,23
3706,newcastle,4
3707,newcomers,1
3708,newest,1
3709,newly,1
3710,news,32
3711,newspaper,1
3712,next,71
3713,nice,5
3714,nicely,1
3715,nicest,1
3716,nicholls,2
3717,niece,22
3718,nieces,9
3719,night,35
3720,nightcap,1
3721,nine,2
3722,nnight,1
3723,no,490
3724,noble,11
3725,nobler,1
3726,noblest,1
3727,nobody,17
3728,nods,1
3729,noise,3
3730,noisy,3
3731,nominally,1
3732,none,19
3733,nonsense,8
3734,nonsensical,3
3735,noon,2
3736,nor,73
3737,north,6
3738,northern,3
3739,northward,1
3740,northwards,1
3741,nose,1
3742,not,1429
3743,note,8
3744,notes,1
3745,nothing,177
3746,nothingness,1
3747,nothings,1
3748,notice,21
3749,noticed,8
3750,noticing,1
3751,notion,7
3752,notions,3
3753,nourishes,1
3754,novels,1
3755,novelty,5
3756,november,5
3757,now,209
3758,nowadays,1
3759,nowhere,1
3760,number,5
3761,numerous,2
3762,nuptials,3
3763,nursing,1
3764,o,5
3765,oakham,1
3766,oaks,1
3767,obeisance,1
3768,obey,1
3769,obeyed,3
3770,object,48
3771,objected,1
3772,objecting,3
3773,objection,15
3774,objectionable,3
3775,objections,11
3776,objects,7
3777,obligation,6
3778,obligations,3
3779,oblige,6
3780,obliged,29
3781,obliging,5
3782,obligingly,1
3783,obsequious,1
3784,obsequiousness,1
3785,observances,1
3786,observation,14
3787,observations,3
3788,observe,10
3789,observed,27
3790,observer,2
3791,observing,12
3792,obstacles,2
3793,obstinacy,2
3794,obstinate,4
3795,obtain,3
3796,obtained,4
3797,obtruded,2
3798,obvious,1
3799,occasion,38
3800,occasional,6
3801,occasionally,12
3802,occasioned,4
3803,occasions,8
3804,occupation,1
3805,occupied,6
3806,occupies,1
3807,occupy,2
3808,occur,4
3809,occurred,14
3810,occurrences,4
3811,occurring,2
3812,occurs,1
3813,october,1
3814,odd,5
3815,oddities,1
3816,oddity,1
3817,oddly,1
3818,odious,3
3819,of,3611
3820,off,62
3821,offence,2
3822,offend,3
3823,offended,9
3824,offending,3
3825,offense,3
3826,offenses,3
3827,offensive,2
3828,offer,28
3829,offered,9
3830,offering,3
3831,offers,5
3832,office,6
3833,officer,8
3834,officers,31
3835,officious,3
3836,officiousness,1
3837,often,89
3838,oftener,3
3839,oh,96
3840,old,13
3841,older,2
3842,olive,3
3843,omen,1
3844,omit,1
3845,omitted,1
3846,on,715
3847,once,57
3848,one,273
3849,ones,6
3850,only,216
3851,open,17
3852,opened,17
3853,opening,13
3854,openly,8
3855,openness,3
3856,operated,1
3857,opinion,68
3858,opinions,8
3859,opportunities,1
3860,opportunity,29
3861,oppose,3
3862,opposed,5
3863,opposite,11
3864,opposition,3
3865,oppressed,2
3866,oppressively,1
3867,or,299
3868,ordained,1
3869,order,7
3870,ordered,8
3871,orderly,1
3872,orders,7
3873,ordinary,3
3874,ordination,1
3875,original,4
3876,originally,2
3877,originate,1
3878,originated,2
3879,ornament,1
3880,ornaments,2
3881,ostentation,1
3882,ostentatious,1
3883,other,211
3884,others,53
3885,otherwise,16
3886,ought,45
3887,our,74
3888,ours,2
3889,ourselves,8
3890,out,135
3891,outdone,1
3892,outlived,1
3893,outrun,1
3894,outstrip,1
3895,outstripped,1
3896,over,91
3897,overbearing,1
3898,overcame,3
3899,overcome,10
3900,overcoming,1
3901,overflowing,1
3902,overflows,1
3903,overhear,1
3904,overheard,3
3905,overhearings,1
3906,overjoyed,1
3907,overlook,3
3908,overlooked,3
3909,overpower,1
3910,overpowered,3
3911,overpowering,1
3912,overruled,1
3913,overset,1
3914,overspread,3
3915,overspreading,1
3916,overtaken,1
3917,overthrow,1
3918,overthrowing,1
3919,overthrown,3
3920,overtook,1
3921,overtures,1
3922,owe,5
3923,owed,6
3924,owes,2
3925,owing,4
3926,own,183
3927,owned,3
3928,owner,4
3929,owns,1
3930,oxford,1
3931,p,1
3932,pace,1
3933,pack,2
3934,packed,1
3935,packing,1
3936,paddock,3
3937,page,2
3938,pages,1
3939,paid,19
3940,pain,28
3941,painful,14
3942,painfully,2
3943,paining,1
3944,pains,4
3945,paint,1
3946,painter,1
3947,paintings,1
3948,pair,2
3949,palatable,1
3950,pale,4
3951,paler,1
3952,pales,2
3953,paling,1
3954,palings,1
3955,palliation,1
3956,paltry,2
3957,panegyric,2
3958,pang,1
3959,panting,1
3960,papa,5
3961,paper,6
3962,papers,1
3963,parade,2
3964,parading,1
3965,parasol,2
3966,parcels,2
3967,pardon,16
3968,parent,1
3969,parental,1
3970,parents,7
3971,parish,9
3972,parishioners,1
3973,park,22
3974,parlour,11
3975,parsonage,18
3976,part,60
3977,partake,2
3978,parted,14
3979,partial,10
3980,partiality,13
3981,participation,1
3982,particular,28
3983,particularly,32
3984,particulars,20
3985,parties,12
3986,parting,7
3987,partly,2
3988,partner,17
3989,partners,3
3990,partridges,1
3991,parts,5
3992,party,57
3993,pass,16
3994,passage,2
3995,passages,2
3996,passed,61
3997,passing,11
3998,passion,2
3999,passions,1
4000,past,10
4001,patched,1
4002,path,4
4003,pathetic,1
4004,patience,9
4005,patient,1
4006,patron,3
4007,patronage,4
4008,patroness,7
4009,pause,18
4010,paused,3
4011,pauses,2
4012,pausing,2
4013,pavement,1
4014,pay,11
4015,paying,4
4016,payment,1
4017,peace,7
4018,peaches,1
4019,peak,1
4020,peculiar,5
4021,peculiarities,1
4022,peculiarity,1
4023,peculiarly,3
4024,pecuniary,2
4025,pedantic,1
4026,peep,1
4027,peevish,2
4028,pemberley,53
4029,pen,3
4030,penance,1
4031,penetration,2
4032,penitent,1
4033,pens,1
4034,people,50
4035,per,3
4036,perceive,7
4037,perceived,12
4038,perceiving,4
4039,perceptible,1
4040,perfect,17
4041,perfections,2
4042,perfectly,47
4043,perforce,1
4044,perform,4
4045,performance,6
4046,performed,6
4047,performer,2
4048,performers,1
4049,performs,1
4050,perhaps,76
4051,period,15
4052,periods,1
4053,permanent,1
4054,permission,6
4055,permit,1
4056,permitted,1
4057,perpetual,1
4058,perpetually,3
4059,perplexity,2
4060,perseverance,3
4061,persevered,1
4062,persevering,1
4063,perseveringly,1
4064,persist,2
4065,persisted,2
4066,persisting,1
4067,persists,1
4068,person,51
4069,personage,1
4070,personages,1
4071,personal,2
4072,persons,9
4073,persuade,18
4074,persuaded,25
4075,persuasion,8
4076,persuasions,1
4077,perturbation,2
4078,perturbed,1
4079,perusal,4
4080,perusing,1
4081,perverse,1
4082,perverseness,6
4083,petition,1
4084,petitioned,1
4085,petrified,1
4086,petticoat,3
4087,petulance,1
4088,phaeton,4
4089,philips,1
4090,phillip,1
4091,phillips,31
4092,phillipses,2
4093,philosopher,1
4094,philosophic,1
4095,philosophy,5
4096,physicians,1
4097,pianoforte,5
4098,picture,13
4099,pictured,1
4100,pictures,1
4101,picturesque,1
4102,piece,6
4103,pieces,2
4104,pies,1
4105,pigs,1
4106,piling,1
4107,pin,1
4108,piqued,1
4109,piquet,1
4110,pitched,1
4111,pitiable,3
4112,pitied,3
4113,pitiful,2
4114,pity,9
4115,place,75
4116,placed,9
4117,places,5
4118,placing,3
4119,plague,3
4120,plain,11
4121,plainer,1
4122,plainly,6
4123,plan,13
4124,planned,3
4125,planning,2
4126,plans,3
4127,plant,1
4128,plantation,1
4129,plate,1
4130,play,18
4131,played,1
4132,players,2
4133,playful,2
4134,playfulness,2
4135,playing,6
4136,plays,1
4137,plead,2
4138,pleaded,1
4139,pleasant,21
4140,pleasanter,2
4141,pleasantest,1
4142,pleasantly,4
4143,pleasantness,3
4144,pleasantry,2
4145,please,14
4146,pleased,39
4147,pleases,2
4148,pleasing,22
4149,pleasure,92
4150,pleasures,7
4151,pledged,2
4152,plentiful,1
4153,plenty,1
4154,pliancy,1
4155,pocket,3
4156,poetry,2
4157,point,46
4158,pointed,5
4159,pointedly,1
4160,pointing,5
4161,points,4
4162,policy,1
4163,polished,2
4164,polite,5
4165,politely,3
4166,politeness,17
4167,polluted,1
4168,pollution,1
4169,pompous,3
4170,ponies,3
4171,pool,1
4172,pools,1
4173,poor,38
4174,poorly,3
4175,pope,1
4176,popular,1
4177,popularity,1
4178,porridge,1
4179,port,1
4180,portion,3
4181,portrait,1
4182,portraits,2
4183,position,1
4184,positions,1
4185,positive,3
4186,positively,2
4187,possess,5
4188,possessed,1
4189,possesses,1
4190,possessing,1
4191,possession,9
4192,possessor,2
4193,possibilities,1
4194,possibility,13
4195,possible,56
4196,possibly,8
4197,post,5
4198,posterity,1
4199,postilions,1
4200,postponed,1
4201,postscript,3
4202,poultry,3
4203,pounds,24
4204,pour,1
4205,poured,1
4206,pouring,1
4207,poverty,2
4208,powdering,1
4209,power,42
4210,powerful,3
4211,powers,6
4212,practice,5
4213,practised,1
4214,practises,2
4215,practising,1
4216,praise,22
4217,praised,2
4218,praises,2
4219,pratt,2
4220,pray,26
4221,preaching,3
4222,preceded,1
4223,preceding,4
4224,precious,2
4225,precipitance,2
4226,precipitate,2
4227,precisely,1
4228,precision,1
4229,precluding,1
4230,predict,1
4231,predominance,1
4232,predominate,1
4233,prefaced,1
4234,prefer,6
4235,preference,10
4236,preferment,3
4237,preferred,3
4238,prejudice,6
4239,prejudiced,1
4240,prejudices,2
4241,premeditated,1
4242,premeditation,1
4243,premises,1
4244,preparation,1
4245,preparations,2
4246,prepare,6
4247,prepared,10
4248,preparing,6
4249,prepossessed,1
4250,prepossession,2
4251,presence,6
4252,present,68
4253,presentation,5
4254,presented,2
4255,presently,2
4256,presents,3
4257,preservation,2
4258,preservative,2
4259,preserve,4
4260,preserved,4
4261,preside,1
4262,presided,1
4263,press,4
4264,pressed,3
4265,pressing,5
4266,pressingly,1
4267,presume,2
4268,presumed,1
4269,presuming,2
4270,presumption,3
4271,pretence,1
4272,pretend,7
4273,pretended,2
4274,pretending,3
4275,pretense,1
4276,pretension,1
4277,pretensions,5
4278,prettier,2
4279,prettiest,1
4280,pretty,24
4281,prettyish,1
4282,prevail,2
4283,prevailed,15
4284,prevailing,2
4285,prevent,16
4286,prevented,23
4287,prevents,1
4288,previous,3
4289,previously,2
4290,prey,2
4291,price,2
4292,pride,48
4293,prided,1
4294,principal,14
4295,principally,5
4296,principle,5
4297,principles,1
4298,prior,2
4299,private,11
4300,privately,3
4301,privilege,3
4302,privileged,3
4303,prized,1
4304,prizes,1
4305,probabilities,1
4306,probability,9
4307,probable,12
4308,probably,24
4309,probity,1
4310,proceed,5
4311,proceeded,10
4312,proceeding,6
4313,proceedings,1
4314,process,1
4315,proclaim,1
4316,procure,1
4317,procured,4
4318,procuring,3
4319,prodigious,1
4320,prodigiously,3
4321,produce,5
4322,produced,11
4323,productive,1
4324,profess,1
4325,professed,4
4326,professing,1
4327,profession,7
4328,professions,6
4329,proficiency,1
4330,proficient,1
4331,profit,1
4332,profligacy,1
4333,profligate,1
4334,profuse,1
4335,profusion,1
4336,prognostics,1
4337,progress,5
4338,prohibited,1
4339,project,1
4340,projected,1
4341,promise,17
4342,promised,21
4343,promises,3
4344,promising,4
4345,promote,4
4346,promoted,1
4347,prompt,1
4348,prompted,1
4349,prone,2
4350,pronounce,3
4351,pronounced,10
4352,pronouncing,1
4353,proof,7
4354,propensities,1
4355,proper,20
4356,properly,8
4357,property,8
4358,propitious,1
4359,proportion,4
4360,proportionate,1
4361,proportioned,1
4362,proportions,1
4363,proposal,10
4364,proposals,9
4365,propose,3
4366,proposed,5
4367,proprietor,3
4368,propriety,8
4369,prospect,14
4370,prospects,4
4371,prosperity,3
4372,prosperous,2
4373,protection,2
4374,protest,1
4375,protested,8
4376,protesting,4
4377,proud,22
4378,proudest,1
4379,proudly,1
4380,prove,8
4381,proved,17
4382,proverb,1
4383,provide,4
4384,provided,7
4385,providing,1
4386,proving,1
4387,provision,2
4388,provocations,1
4389,provoke,5
4390,provoked,3
4391,provoking,3
4392,proxy,1
4393,prudence,4
4394,prudent,4
4395,prudential,1
4396,prudently,1
4397,public,12
4398,publicly,3
4399,publish,1
4400,puddles,1
4401,puffed,1
4402,pull,1
4403,pulvis,1
4404,punch,1
4405,punctual,3
4406,punctuality,2
4407,punctually,3
4408,punish,3
4409,punishment,5
4410,purchase,6
4411,purchased,3
4412,purchases,2
4413,pure,2
4414,purport,2
4415,purpose,18
4416,purposely,6
4417,purse,1
4418,purses,1
4419,pursue,6
4420,pursued,2
4421,pursuing,3
4422,pursuit,6
4423,pursuits,1
4424,put,31
4425,putting,5
4426,puzzle,2
4427,puzzled,1
4428,pyramids,1
4429,quadrille,4
4430,qualification,1
4431,qualifications,1
4432,qualified,4
4433,qualities,6
4434,quality,2
4435,quantity,1
4436,quarrel,5
4437,quarreled,1
4438,quarreling,2
4439,quarrelling,1
4440,quarrelsome,1
4441,quarter,9
4442,quartered,3
4443,quarters,2
4444,querulous,1
4445,quest,7
4446,question,23
4447,questioned,3
4448,questions,16
4449,quick,10
4450,quickly,4
4451,quickness,3
4452,quiet,8
4453,quieted,2
4454,quieter,1
4455,quietly,8
4456,quit,10
4457,quite,96
4458,quitted,9
4459,quitting,8
4460,race,1
4461,racked,1
4462,rage,2
4463,ragout,1
4464,rail,1
4465,rain,4
4466,rained,1
4467,raised,6
4468,raising,3
4469,rallied,2
4470,ramble,2
4471,rambled,1
4472,ramsgate,3
4473,ran,13
4474,rang,1
4475,range,2
4476,rank,12
4477,rant,1
4478,rapacity,1
4479,rapid,3
4480,rapidity,4
4481,rapidly,2
4482,rapture,2
4483,raptures,7
4484,rapturous,2
4485,rapturously,1
4486,rashness,1
4487,rate,5
4488,rated,2
4489,rather,55
4490,rational,10
4491,rationally,3
4492,rattle,2
4493,re,4
4494,reach,8
4495,reached,18
4496,reaching,3
4497,read,41
4498,reader,3
4499,readily,17
4500,readiness,4
4501,reading,14
4502,ready,20
4503,real,31
4504,realised,1
4505,realities,1
4506,really,88
4507,reanimated,1
4508,reap,1
4509,reappear,1
4510,reason,51
4511,reasonable,14
4512,reasonableness,1
4513,reasonably,4
4514,reasoning,1
4515,reasons,5
4516,rebuke,1
4517,recall,2
4518,recalled,2
4519,recede,1
4520,receipt,2
4521,receive,28
4522,received,61
4523,receiving,20
4524,recent,5
4525,reception,9
4526,recital,3
4527,reckon,1
4528,reckoned,1
4529,recognized,1
4530,recognizing,1
4531,recollect,6
4532,recollected,13
4533,recollecting,5
4534,recollection,12
4535,recollections,8
4536,recommenced,1
4537,recommend,12
4538,recommendation,4
4539,recommendations,1
4540,recommended,9
4541,recommending,2
4542,reconcile,1
4543,reconciled,2
4544,reconciliation,2
4545,reconciling,1
4546,recover,6
4547,recovered,6
4548,recovering,5
4549,recovery,3
4550,recreation,1
4551,rectitude,1
4552,rector,3
4553,rectory,1
4554,recurring,1
4555,red,3
4556,redress,1
4557,reduced,4
4558,reel,2
4559,reference,2
4560,referred,1
4561,refinements,1
4562,reflect,5
4563,reflected,3
4564,reflecting,1
4565,reflection,10
4566,reflections,9
4567,refrain,3
4568,refrained,1
4569,refreshing,2
4570,refreshment,5
4571,refuge,1
4572,refusal,7
4573,refusals,1
4574,refuse,9
4575,refused,6
4576,refusing,7
4577,refute,1
4578,regain,1
4579,regained,1
4580,regard,49
4581,regarded,3
4582,regarding,1
4583,regardless,2
4584,regiment,22
4585,regimentals,3
4586,regret,19
4587,regrets,3
4588,regretted,1
4589,regretting,2
4590,regular,3
4591,regularly,1
4592,regulars,2
4593,regulate,1
4594,regulated,1
4595,regulation,1
4596,rein,1
4597,reject,4
4598,rejected,4
4599,rejecting,2
4600,rejection,2
4601,rejoice,7
4602,rejoiced,9
4603,rejoicing,4
4604,rejoined,1
4605,relate,11
4606,related,16
4607,relates,3
4608,relating,5
4609,relation,11
4610,relations,24
4611,relationship,12
4612,relative,3
4613,release,1
4614,reliance,3
4615,relied,1
4616,relief,13
4617,relieve,2
4618,relieved,8
4619,relinquish,1
4620,relished,1
4621,reluctance,1
4622,reluctant,2
4623,rely,1
4624,remain,10
4625,remainder,1
4626,remained,23
4627,remaining,8
4628,remains,5
4629,remark,3
4630,remarkable,7
4631,remarkably,10
4632,remarked,1
4633,remarks,8
4634,remedy,2
4635,remember,22
4636,remembered,9
4637,remembering,2
4638,remembrance,3
4639,remind,3
4640,reminded,6
4641,reminding,1
4642,remonstrance,1
4643,remorse,1
4644,removal,7
4645,remove,2
4646,removed,17
4647,removing,3
4648,rencontre,1
4649,render,3
4650,rendered,11
4651,rendering,1
4652,renewal,7
4653,renewed,6
4654,renewing,2
4655,repaid,2
4656,repaired,3
4657,repeat,5
4658,repeated,21
4659,repeatedly,9
4660,repeating,6
4661,repel,1
4662,repelled,1
4663,repent,1
4664,repentance,1
4665,repented,1
4666,repetition,3
4667,repine,4
4668,repined,1
4669,repining,1
4670,repinings,1
4671,replete,1
4672,replied,103
4673,replies,1
4674,reply,26
4675,replying,3
4676,report,17
4677,reporting,1
4678,reports,1
4679,repose,1
4680,reprehensible,3
4681,represent,3
4682,representation,4
4683,represented,7
4684,representing,2
4685,repress,1
4686,repressed,2
4687,repressing,1
4688,reproach,8
4689,reproached,2
4690,reproaches,1
4691,reproof,4
4692,reproofs,2
4693,repugnance,1
4694,repugnant,1
4695,repulsed,1
4696,repulsive,1
4697,reputation,3
4698,reputed,2
4699,request,12
4700,requested,2
4701,requester,1
4702,requesting,2
4703,require,3
4704,required,10
4705,requiring,5
4706,requisite,1
4707,requited,1
4708,rescue,1
4709,research,1
4710,resemblance,7
4711,resent,4
4712,resented,3
4713,resentful,2
4714,resentfully,2
4715,resentment,17
4716,resentments,1
4717,reserve,7
4718,reserved,7
4719,reserves,3
4720,residence,4
4721,resides,1
4722,residing,1
4723,resign,1
4724,resignation,2
4725,resigned,6
4726,resigning,1
4727,resist,4
4728,resistance,2
4729,resisted,1
4730,resisting,1
4731,resolute,1
4732,resolutely,3
4733,resolution,19
4734,resolve,2
4735,resolved,31
4736,resolving,7
4737,resounding,1
4738,resource,1
4739,respect,30
4740,respectability,5
4741,respectable,14
4742,respected,3
4743,respectful,1
4744,respecting,3
4745,respective,1
4746,respects,6
4747,rest,40
4748,rested,1
4749,restless,1
4750,restoration,3
4751,restored,2
4752,restoring,1
4753,restrain,2
4754,restrained,1
4755,restraint,5
4756,result,5
4757,resume,1
4758,resuming,1
4759,retail,1
4760,retailing,1
4761,retain,1
4762,retained,2
4763,retaining,2
4764,retains,1
4765,retaliate,1
4766,retired,3
4767,retirement,2
4768,retort,1
4769,retreated,1
4770,retreating,1
4771,retrospections,1
4772,retrospective,1
4773,return,49
4774,returned,45
4775,returning,12
4776,returns,2
4777,revealed,2
4778,revealing,1
4779,revenge,2
4780,revenging,1
4781,revered,1
4782,reverie,1
4783,reverse,1
4784,reverting,1
4785,review,3
4786,revival,1
4787,revive,1
4788,revived,3
4789,revolt,1
4790,revolted,1
4791,revolution,1
4792,revolving,1
4793,rewarded,3
4794,reynolds,10
4795,rich,12
4796,richard,1
4797,richly,1
4798,rid,5
4799,ride,3
4800,ridge,1
4801,ridicule,5
4802,ridiculing,1
4803,ridiculous,4
4804,riding,1
4805,right,40
4806,rightful,1
4807,rightly,2
4808,ring,5
4809,rings,1
4810,rise,2
4811,risen,1
4812,rises,1
4813,rising,7
4814,risk,5
4815,rites,1
4816,rival,1
4817,rivals,1
4818,river,6
4819,rivers,1
4820,road,14
4821,roads,1
4822,roasted,1
4823,rob,2
4824,robinson,3
4825,rocks,1
4826,rode,2
4827,romantic,1
4828,room,150
4829,rooms,9
4830,rooted,1
4831,rose,7
4832,roses,1
4833,rosings,49
4834,rough,1
4835,round,17
4836,roused,6
4837,route,3
4838,rude,3
4839,rudeness,2
4840,ruin,5
4841,ruined,2
4842,ruining,1
4843,rule,2
4844,run,11
4845,running,10
4846,runs,1
4847,rushed,1
4848,s,650
4849,sacrifice,8
4850,sacrificed,1
4851,sad,4
4852,sadly,2
4853,safe,8
4854,safely,3
4855,safest,1
4856,safety,1
4857,sagacity,1
4858,said,401
4859,sake,23
4860,sakes,2
4861,salad,1
4862,sallied,1
4863,sally,1
4864,saloon,2
4865,salutation,4
4866,same,69
4867,sameness,1
4868,sanction,1
4869,sanctioned,2
4870,sang,1
4871,sanguine,2
4872,sarah,1
4873,sarcastic,1
4874,sash,1
4875,sat,38
4876,satin,2
4877,satirical,1
4878,satisfaction,27
4879,satisfactions,1
4880,satisfactory,7
4881,satisfied,34
4882,satisfy,11
4883,satisfying,1
4884,saturday,17
4885,saucy,1
4886,savage,1
4887,save,3
4888,saved,3
4889,saving,3
4890,savours,1
4891,saw,103
4892,say,160
4893,saying,35
4894,says,15
4895,scale,1
4896,scampering,1
4897,scandalous,3
4898,scarborough,1
4899,scarce,1
4900,scarcely,45
4901,scarcity,1
4902,scarlet,2
4903,scattered,2
4904,scene,16
4905,scenes,3
4906,scheme,18
4907,schemes,7
4908,scheming,1
4909,school,2
4910,science,1
4911,scold,1
4912,scolded,1
4913,scolding,2
4914,scope,1
4915,score,4
4916,scores,1
4917,scorn,1
4918,scorned,1
4919,scotch,2
4920,scotland,8
4921,scrape,1
4922,screen,2
4923,screens,1
4924,scruple,4
4925,scrupled,2
4926,scruples,4
4927,scrupulous,1
4928,scrutiny,1
4929,se,2
4930,sea,1
4931,search,2
4932,searching,1
4933,season,3
4934,seasonable,1
4935,seat,6
4936,seated,15
4937,seats,2
4938,secluded,1
4939,seclusion,1
4940,second,25
4941,seconded,1
4942,seconding,1
4943,secondly,3
4944,secrecy,10
4945,secret,6
4946,secretly,3
4947,secrets,1
4948,secure,13
4949,secured,4
4950,security,3
4951,sedate,1
4952,sedateness,1
4953,seduction,1
4954,see,149
4955,seeing,60
4956,seek,8
4957,seeking,7
4958,seem,16
4959,seemed,66
4960,seeming,3
4961,seems,22
4962,seen,76
4963,sees,6
4964,seize,1
4965,seized,2
4966,seizing,1
4967,seldom,9
4968,selected,3
4969,selecting,1
4970,self,24
4971,selfish,7
4972,selfishness,1
4973,sell,1
4974,selves,1
4975,seminaries,1
4976,send,24
4977,sending,1
4978,sends,1
4979,seniority,1
4980,sensation,3
4981,sensations,3
4982,sense,36
4983,senses,4
4984,sensibility,2
4985,sensible,32
4986,sensibly,2
4987,sent,20
4988,sentence,12
4989,sentences,1
4990,sentiment,8
4991,sentiments,10
4992,sentinel,1
4993,separate,6
4994,separated,3
4995,separately,1
4996,separates,1
4997,separating,1
4998,separation,8
4999,sept,1
5000,september,1
5001,sequel,1
5002,serenity,3
5003,serious,24
5004,seriously,13
5005,sermon,2
5006,sermons,3
5007,servant,18
5008,servants,13
5009,serve,2
5010,service,7
5011,serviceable,1
5012,services,1
5013,servility,1
5014,serving,1
5015,set,31
5016,setting,2
5017,settle,7
5018,settled,48
5019,settlement,2
5020,settlements,1
5021,settling,3
5022,seven,3
5023,several,23
5024,severe,8
5025,severest,1
5026,severity,1
5027,sex,7
5028,shade,2
5029,shades,1
5030,shake,2
5031,shaken,3
5032,shaking,2
5033,shall,162
5034,shame,10
5035,shameful,2
5036,shameless,1
5037,shan,3
5038,shape,2
5039,share,14
5040,shared,4
5041,sharers,1
5042,sharing,2
5043,sharp,2
5044,sharpened,2
5045,she,1710
5046,shed,1
5047,sheet,3
5048,sheets,1
5049,sheltered,2
5050,shelves,1
5051,shew,1
5052,shewed,1
5053,shield,1
5054,shift,1
5055,shifting,1
5056,shillings,1
5057,shine,1
5058,shire,12
5059,shock,2
5060,shocked,8
5061,shocking,6
5062,shoe,1
5063,shoes,1
5064,shook,11
5065,shoot,3
5066,shooting,1
5067,shop,6
5068,shopping,1
5069,shops,1
5070,short,43
5071,shorten,1
5072,shorter,1
5073,shortly,12
5074,shortness,1
5075,should,248
5076,shoulders,1
5077,show,7
5078,showed,7
5079,showing,4
5080,shown,6
5081,shows,4
5082,shrewish,1
5083,shrink,1
5084,shrubbery,4
5085,shrug,1
5086,shut,5
5087,shy,2
5088,shyness,2
5089,sick,6
5090,sickly,4
5091,side,54
5092,sideboard,1
5093,sides,5
5094,sigh,2
5095,sighed,1
5096,sight,17
5097,sighted,1
5098,sign,2
5099,signal,2
5100,significant,3
5101,signify,3
5102,signs,1
5103,silence,34
5104,silenced,1
5105,silent,26
5106,silently,3
5107,silliest,1
5108,silly,12
5109,similar,5
5110,similarity,2
5111,simpered,1
5112,simpers,1
5113,simple,1
5114,simpleton,4
5115,simply,1
5116,since,59
5117,sincere,10
5118,sincerely,9
5119,sincerity,4
5120,sing,5
5121,singing,3
5122,single,12
5123,singled,2
5124,singling,1
5125,sings,1
5126,singular,2
5127,sink,3
5128,sinking,3
5129,sir,78
5130,sister,218
5131,sisterly,3
5132,sisters,76
5133,sit,15
5134,sitting,21
5135,situated,4
5136,situation,38
5137,six,10
5138,sixpence,1
5139,sixteen,7
5140,sixth,1
5141,size,4
5142,sized,1
5143,sketch,2
5144,skill,3
5145,slacken,1
5146,slave,2
5147,sleep,4
5148,sleeping,1
5149,sleepless,1
5150,sleeves,1
5151,slept,1
5152,slight,18
5153,slighted,3
5154,slightest,3
5155,slightingly,1
5156,slightly,4
5157,slit,1
5158,sloping,1
5159,slow,2
5160,slowly,4
5161,sly,3
5162,slyness,2
5163,small,23
5164,smallest,11
5165,smart,2
5166,smile,29
5167,smiled,18
5168,smiles,10
5169,smiling,10
5170,smilingly,2
5171,smirks,1
5172,smoothly,1
5173,sneer,1
5174,sneering,1
5175,snug,1
5176,so,589
5177,social,1
5178,societies,1
5179,society,33
5180,sofas,1
5181,softened,6
5182,softness,1
5183,solace,1
5184,solaced,1
5185,soldiers,1
5186,sole,4
5187,solely,4
5188,solemn,5
5189,solemnity,5
5190,solicit,1
5191,solicitation,1
5192,soliciting,2
5193,solicitude,8
5194,solid,1
5195,solidity,2
5196,solitary,4
5197,solitude,3
5198,some,211
5199,somebody,7
5200,somehow,2
5201,someone,1
5202,something,71
5203,sometimes,35
5204,somewhat,8
5205,somewhere,4
5206,son,22
5207,song,5
5208,songs,1
5209,sonnet,1
5210,sons,2
5211,soon,216
5212,sooner,13
5213,soothe,1
5214,soothed,1
5215,sore,1
5216,sorely,1
5217,sorrow,4
5218,sorry,34
5219,sort,38
5220,sought,5
5221,soul,2
5222,sound,8
5223,sounds,1
5224,soup,2
5225,sour,1
5226,source,6
5227,sources,3
5228,south,1
5229,space,2
5230,spacious,1
5231,spanish,1
5232,spare,7
5233,spared,8
5234,sparkled,2
5235,spars,1
5236,spasms,1
5237,speak,66
5238,speaker,1
5239,speaking,33
5240,speaks,3
5241,special,2
5242,speculation,1
5243,speech,12
5244,speeches,3
5245,speed,1
5246,speediest,1
5247,speedily,6
5248,speedy,2
5249,spend,13
5250,spending,5
5251,spent,22
5252,sphere,2
5253,spirit,9
5254,spirited,1
5255,spiritless,2
5256,spirits,39
5257,spite,23
5258,spiteful,1
5259,spleen,1
5260,splendid,4
5261,splendour,1
5262,spoilt,2
5263,spoke,43
5264,spoken,16
5265,spokesman,1
5266,sport,4
5267,sportive,1
5268,sports,1
5269,sportsmen,1
5270,spot,7
5271,spots,2
5272,sprained,1
5273,sprang,1
5274,spread,3
5275,spreading,1
5276,spring,5
5277,springing,2
5278,springs,1
5279,spur,1
5280,spurned,1
5281,squeamish,1
5282,st,7
5283,stability,1
5284,stables,1
5285,stage,1
5286,staggered,1
5287,staid,2
5288,staircase,2
5289,stairs,18
5290,stamp,1
5291,stand,10
5292,standing,13
5293,stands,2
5294,stanzas,1
5295,stared,5
5296,start,2
5297,started,4
5298,starting,1
5299,startled,2
5300,starve,1
5301,state,19
5302,stated,2
5303,stateliness,1
5304,stately,3
5305,statement,2
5306,stating,3
5307,station,2
5308,stationed,3
5309,stay,37
5310,stayed,7
5311,staying,10
5312,stays,1
5313,steadfast,1
5314,steadfastly,3
5315,steadily,3
5316,steadiness,1
5317,steady,12
5318,stem,1
5319,step,16
5320,stepped,1
5321,stepping,1
5322,steps,5
5323,steward,5
5324,stiffly,1
5325,stiffness,2
5326,stiles,1
5327,still,72
5328,stir,1
5329,stirring,1
5330,stirs,1
5331,stockings,1
5332,stoke,1
5333,stole,1
5334,stone,2
5335,stood,14
5336,stop,4
5337,stopped,6
5338,stopping,3
5339,store,1
5340,storing,1
5341,storm,2
5342,story,9
5343,stout,2
5344,stoutly,1
5345,strange,10
5346,strangely,1
5347,strangeness,1
5348,stranger,13
5349,strangers,4
5350,stratagems,1
5351,straws,1
5352,stream,4
5353,street,19
5354,streets,1
5355,strength,6
5356,strenuously,2
5357,stress,1
5358,stretch,2
5359,stretched,1
5360,stretching,1
5361,strictest,1
5362,strictly,1
5363,strictures,1
5364,strike,5
5365,striking,3
5366,strikingly,1
5367,striving,2
5368,stroke,2
5369,stroll,1
5370,strong,19
5371,stronger,6
5372,strongest,1
5373,strongly,8
5374,struck,14
5375,struggle,1
5376,struggled,2
5377,struggles,3
5378,struggling,1
5379,stubbornness,1
5380,studied,2
5381,studier,1
5382,studies,2
5383,studious,1
5384,study,7
5385,studying,4
5386,stuffy,1
5387,stumbling,1
5388,stupid,4
5389,stupider,1
5390,stupidity,4
5391,style,10
5392,subject,84
5393,subjection,1
5394,subjects,10
5395,subjoin,1
5396,submit,3
5397,submitted,1
5398,subsequent,1
5399,subsided,1
5400,subsist,1
5401,subsisted,2
5402,subsisting,2
5403,substance,3
5404,substantial,2
5405,substitute,1
5406,succeed,3
5407,succeeded,7
5408,succeeding,4
5409,succeeds,1
5410,success,19
5411,successful,3
5412,successfully,1
5413,succession,1
5414,successively,1
5415,successor,1
5416,such,389
5417,sudden,8
5418,suddenly,16
5419,suddenness,1
5420,suffer,13
5421,suffered,8
5422,sufferer,1
5423,suffering,2
5424,sufferings,2
5425,suffers,1
5426,sufficiency,1
5427,sufficient,4
5428,sufficiently,5
5429,suggest,2
5430,suggested,5
5431,suggesting,1
5432,suggestion,1
5433,suit,7
5434,suitable,3
5435,suitableness,3
5436,suited,3
5437,suiting,1
5438,sum,5
5439,summer,19
5440,summon,1
5441,summoned,5
5442,summons,3
5443,sunday,9
5444,sunk,4
5445,super,1
5446,supercilious,1
5447,superciliousness,1
5448,superintended,1
5449,superintendence,1
5450,superintends,1
5451,superior,18
5452,superiority,1
5453,superlatively,1
5454,superseded,1
5455,supper,11
5456,supplication,1
5457,supplied,2
5458,supply,7
5459,supplying,1
5460,support,7
5461,supported,4
5462,suppose,48
5463,supposed,26
5464,supposing,15
5465,supposition,4
5466,suppositions,1
5467,suppress,2
5468,suppressed,2
5469,sure,102
5470,surely,4
5471,surest,1
5472,surmise,2
5473,surmises,1
5474,surmount,1
5475,surpass,1
5476,surpassing,1
5477,surprise,37
5478,surprised,35
5479,surrounded,1
5480,surrounding,2
5481,survey,1
5482,surveying,1
5483,survive,2
5484,survived,1
5485,survivor,1
5486,susceptibility,1
5487,suspect,4
5488,suspected,9
5489,suspecting,2
5490,suspects,1
5491,suspend,1
5492,suspended,2
5493,suspense,6
5494,suspicion,9
5495,suspicions,4
5496,suspicious,1
5497,sustained,1
5498,swallowed,1
5499,sweet,7
5500,sweetest,3
5501,sweetness,5
5502,swell,1
5503,swelled,1
5504,swelling,1
5505,syllable,5
5506,syllables,1
5507,symmetry,1
5508,sympathise,1
5509,symptom,4
5510,symptoms,2
5511,synonymously,1
5512,t,12
5513,table,35
5514,tables,6
5515,tacit,1
5516,taciturn,1
5517,tackle,1
5518,take,80
5519,taken,31
5520,takes,6
5521,taking,19
5522,talent,2
5523,talents,5
5524,talk,32
5525,talked,38
5526,talker,1
5527,talking,39
5528,talks,1
5529,tall,8
5530,taller,1
5531,tallest,1
5532,tanned,1
5533,taste,13
5534,tastes,1
5535,taught,8
5536,tax,2
5537,tea,13
5538,teach,5
5539,teaching,2
5540,tear,2
5541,tears,10
5542,tease,2
5543,teased,2
5544,teasing,7
5545,tedious,1
5546,teeth,1
5547,tell,71
5548,telling,7
5549,tells,1
5550,temper,24
5551,tempered,5
5552,tempers,1
5553,temporary,1
5554,tempt,4
5555,temptation,7
5556,temptations,2
5557,tempted,7
5558,ten,33
5559,tenant,1
5560,tenants,2
5561,tend,1
5562,tendency,3
5563,tender,4
5564,tenderly,2
5565,tenderness,3
5566,tenor,1
5567,tens,1
5568,tent,1
5569,tents,1
5570,term,1
5571,termed,1
5572,termination,2
5573,terms,22
5574,terrific,1
5575,test,1
5576,testified,2
5577,testifying,1
5578,testimony,2
5579,tete,8
5580,th,3
5581,than,282
5582,thank,19
5583,thanked,7
5584,thankful,8
5585,thankfully,1
5586,thankfulness,1
5587,thanking,4
5588,thanks,14
5589,that,1579
5590,the,4331
5591,theatre,1
5592,theatres,1
5593,their,443
5594,theirs,2
5595,them,435
5596,themselves,34
5597,then,175
5598,thence,1
5599,there,355
5600,thereby,2
5601,therefore,75
5602,therein,1
5603,thereupon,2
5604,these,69
5605,they,601
5606,thin,5
5607,thing,42
5608,things,29
5609,think,211
5610,thinking,21
5611,thinks,4
5612,third,7
5613,thirdly,2
5614,thirteen,1
5615,thirty,3
5616,this,448
5617,thither,9
5618,thorough,3
5619,thoroughly,2
5620,those,59
5621,though,226
5622,thought,111
5623,thoughtful,1
5624,thoughtfulness,2
5625,thoughtless,3
5626,thoughtlessness,3
5627,thoughts,25
5628,thousand,34
5629,threadbare,2
5630,threatened,1
5631,threats,1
5632,three,61
5633,threw,9
5634,throat,1
5635,through,42
5636,throughout,3
5637,throw,8
5638,throwing,2
5639,thrown,8
5640,thursday,4
5641,thus,27
5642,thwarted,1
5643,tickets,3
5644,tide,2
5645,tidings,3
5646,till,93
5647,time,203
5648,timed,1
5649,times,20
5650,tired,4
5651,tires,1
5652,tiresome,2
5653,tis,3
5654,tithes,1
5655,title,1
5656,to,4162
5657,together,64
5658,toilette,2
5659,token,1
5660,told,69
5661,tolerable,15
5662,tolerably,14
5663,tone,16
5664,tongue,3
5665,tongues,1
5666,too,142
5667,took,53
5668,top,1
5669,topic,1
5670,topics,1
5671,torment,1
5672,tormenting,1
5673,tortured,1
5674,total,3
5675,totally,8
5676,touched,4
5677,tour,6
5678,toward,4
5679,towards,67
5680,town,66
5681,trace,4
5682,traced,2
5683,traces,1
5684,tractable,1
5685,trade,4
5686,tradesman,2
5687,train,1
5688,trait,1
5689,tranquil,2
5690,tranquillity,5
5691,tranquilly,1
5692,transactions,2
5693,transferred,1
5694,transient,1
5695,transition,1
5696,transpired,1
5697,transport,1
5698,transports,2
5699,travelled,1
5700,travellers,4
5701,travelling,6
5702,treasure,2
5703,treasured,1
5704,treat,5
5705,treated,7
5706,treating,1
5707,treatment,5
5708,trees,5
5709,tremble,1
5710,trembled,1
5711,trembling,1
5712,tremblings,1
5713,trepidation,1
5714,trespass,2
5715,trial,2
5716,trials,1
5717,tribute,1
5718,tricks,1
5719,tried,16
5720,tries,1
5721,trifle,5
5722,trifled,1
5723,trifling,5
5724,trim,1
5725,trimming,1
5726,triumph,10
5727,triumphant,2
5728,triumphantly,2
5729,triumphing,1
5730,troop,1
5731,trouble,21
5732,troublesome,1
5733,troubling,1
5734,trout,1
5735,true,26
5736,truest,1
5737,truly,7
5738,trunk,1
5739,trunks,1
5740,trust,15
5741,trusted,7
5742,trusting,2
5743,truth,27
5744,try,12
5745,trying,6
5746,tuesday,12
5747,tumult,3
5748,turn,26
5749,turned,43
5750,turning,13
5751,turnpike,1
5752,turnpikes,1
5753,turns,2
5754,twelve,4
5755,twelvemonth,7
5756,twenty,17
5757,twice,14
5758,two,135
5759,uglier,1
5760,ugly,2
5761,ultimately,1
5762,un,1
5763,unabashed,1
5764,unabated,1
5765,unable,14
5766,unaccountable,2
5767,unacknowledged,1
5768,unacquainted,1
5769,unaffected,5
5770,unaffectedly,2
5771,unallied,1
5772,unalloyed,1
5773,unalterable,1
5774,unanswerable,1
5775,unappeasable,1
5776,unasked,1
5777,unassailed,1
5778,unassuming,3
5779,unattended,1
5780,unavailing,2
5781,unavoidable,1
5782,unavoidably,1
5783,unaware,1
5784,unbecoming,1
5785,unbending,1
5786,unblemished,1
5787,uncertain,2
5788,uncertainty,1
5789,unchanged,1
5790,uncivil,5
5791,uncle,69
5792,uncles,3
5793,uncomfortable,7
5794,uncommon,5
5795,uncommonly,9
5796,uncompanionable,1
5797,unconcern,3
5798,unconcerned,2
5799,unconnected,4
5800,unconsciously,3
5801,uncontrolled,1
5802,undeceive,1
5803,undecided,1
5804,under,33
5805,undergone,2
5806,understand,30
5807,understanding,21
5808,understood,13
5809,undertaken,1
5810,undertaking,1
5811,undervalued,1
5812,undervaluing,1
5813,undeserved,1
5814,undeserving,3
5815,undetermined,1
5816,undiminished,1
5817,undo,2
5818,undone,1
5819,undoubted,1
5820,undoubtedly,10
5821,undutiful,1
5822,uneasiness,7
5823,uneasy,8
5824,unembarrassed,2
5825,unequal,4
5826,unequally,1
5827,unexampled,1
5828,unexpected,8
5829,unexpectedly,3
5830,unfavourable,2
5831,unfavourably,1
5832,unfeeling,3
5833,unfelt,2
5834,unfit,2
5835,unfold,1
5836,unfolded,5
5837,unfolding,1
5838,unforgiving,2
5839,unfortunate,6
5840,unfortunately,3
5841,unfrequently,1
5842,ungenerous,3
5843,ungovernable,1
5844,ungracious,3
5845,ungraciousness,1
5846,unguarded,4
5847,unhappily,3
5848,unhappiness,2
5849,unhappy,13
5850,unheard,1
5851,uniform,1
5852,uniformity,1
5853,uniformly,3
5854,unimportant,1
5855,unintelligible,1
5856,union,4
5857,unite,2
5858,united,7
5859,uniting,1
5860,universal,3
5861,universally,3
5862,universities,1
5863,unjust,4
5864,unjustifiable,2
5865,unjustly,2
5866,unkindness,1
5867,unknowingly,1
5868,unknown,8
5869,unless,20
5870,unlike,4
5871,unlikely,4
5872,unluckily,3
5873,unlucky,10
5874,unmarked,1
5875,unmoved,1
5876,unnatural,2
5877,unnaturally,1
5878,unnecessarily,1
5879,unnecessary,4
5880,unpardonable,4
5881,unpleasant,8
5882,unpleasantly,1
5883,unpleasing,1
5884,unprepared,1
5885,unpretending,1
5886,unprincipled,1
5887,unprofitable,1
5888,unprotected,1
5889,unqualified,1
5890,unquestionably,1
5891,unreasonable,7
5892,unreasonably,1
5893,unreserve,1
5894,unreserved,3
5895,unrestrained,1
5896,unseldom,1
5897,unsettled,3
5898,unshackled,1
5899,unshaken,1
5900,unsocial,1
5901,unstudied,1
5902,unsubdued,1
5903,unsuccessfully,1
5904,unsuitable,2
5905,unsuspicious,1
5906,untamed,1
5907,untidy,1
5908,until,3
5909,untinctured,1
5910,untitled,1
5911,untouched,1
5912,unusual,1
5913,unvarying,1
5914,unwearying,1
5915,unwelcome,4
5916,unwell,2
5917,unwilling,10
5918,unwillingly,4
5919,unwillingness,3
5920,unworthily,1
5921,unworthy,4
5922,up,123
5923,upbraided,1
5924,upbraiding,1
5925,upon,76
5926,upper,2
5927,uppermost,1
5928,uproar,1
5929,upstart,1
5930,urged,6
5931,urgent,3
5932,us,123
5933,usage,2
5934,use,15
5935,used,21
5936,useful,6
5937,useless,6
5938,uselessly,1
5939,using,1
5940,usual,34
5941,usually,8
5942,utmost,10
5943,utter,6
5944,uttered,5
5945,utterly,1
5946,vacancy,1
5947,vacant,5
5948,vague,2
5949,vain,20
5950,valid,1
5951,valley,4
5952,valuable,9
5953,value,9
5954,valued,5
5955,valueless,1
5956,vanish,1
5957,vanished,2
5958,vanity,18
5959,variance,1
5960,variation,2
5961,varied,3
5962,varieties,1
5963,variety,7
5964,various,9
5965,vary,3
5966,varying,2
5967,vast,2
5968,vastly,1
5969,vehemence,1
5970,veneration,1
5971,venison,1
5972,vent,2
5973,venting,1
5974,venture,5
5975,ventured,7
5976,venturing,1
5977,veracity,2
5978,verdure,1
5979,verily,1
5980,verses,1
5981,very,487
5982,vestibule,5
5983,vex,1
5984,vexation,10
5985,vexations,1
5986,vexatious,2
5987,vexed,8
5988,vexing,1
5989,vice,3
5990,vices,1
5991,vicinity,1
5992,vicious,1
5993,victim,1
5994,victory,1
5995,view,17
5996,viewing,3
5997,views,11
5998,vigorously,1
5999,vigour,1
6000,village,6
6001,villainous,1
6002,vindication,2
6003,vingt,1
6004,violated,1
6005,violation,2
6006,violence,3
6007,violent,10
6008,violently,6
6009,virtue,10
6010,visible,5
6011,visit,51
6012,visited,4
6013,visiting,5
6014,visitor,11
6015,visitors,14
6016,visits,5
6017,vivacity,2
6018,vogue,1
6019,voice,22
6020,void,1
6021,volatility,1
6022,volubility,1
6023,volume,2
6024,voluntarily,6
6025,voluntary,3
6026,vouch,3
6027,vouchsafed,1
6028,vow,1
6029,vows,1
6030,vulgar,2
6031,vulgarity,1
6032,w,2
6033,wait,17
6034,waited,7
6035,waiter,3
6036,waiting,10
6037,waived,1
6038,waking,1
6039,walk,50
6040,walked,44
6041,walker,3
6042,walking,26
6043,walks,3
6044,wander,1
6045,wandered,2
6046,wandering,3
6047,want,44
6048,wanted,24
6049,wanting,7
6050,wantonly,1
6051,wants,11
6052,war,1
6053,ward,1
6054,warded,1
6055,warehouses,2
6056,warm,6
6057,warmest,2
6058,warmly,8
6059,warmth,8
6060,warn,4
6061,warned,1
6062,warrant,1
6063,warwick,1
6064,was,1846
6065,waste,1
6066,wasting,1
6067,watch,2
6068,watched,7
6069,watches,1
6070,watchful,1
6071,watchfulness,2
6072,watching,8
6073,water,4
6074,watering,1
6075,watson,1
6076,wave,1
6077,wavered,1
6078,wavering,1
6079,way,108
6080,ways,3
6081,we,253
6082,weak,7
6083,weakened,1
6084,weakest,1
6085,weakness,5
6086,weaknesses,1
6087,wealth,3
6088,wear,1
6089,wearied,1
6090,wearisome,1
6091,wears,1
6092,weary,2
6093,weather,6
6094,webbs,1
6095,wedding,14
6096,wednesday,9
6097,week,29
6098,weeks,18
6099,weep,1
6100,weighed,2
6101,weight,6
6102,weighty,1
6103,welcome,12
6104,welcomed,7
6105,welcoming,1
6106,welfare,5
6107,well,224
6108,went,67
6109,were,566
6110,west,1
6111,westerham,1
6112,wet,2
6113,what,479
6114,whatever,34
6115,when,374
6116,whence,2
6117,whenever,22
6118,where,89
6119,wherever,8
6120,whether,54
6121,which,539
6122,whichever,2
6123,while,75
6124,whilst,4
6125,whims,2
6126,whimsical,1
6127,whisper,10
6128,whispered,1
6129,whispering,3
6130,whist,5
6131,white,3
6132,whither,2
6133,who,284
6134,whole,79
6135,wholly,26
6136,whom,84
6137,whose,59
6138,why,53
6139,wickedest,1
6140,wickedness,2
6141,wickham,194
6142,wide,3
6143,widely,4
6144,widow,3
6145,wife,47
6146,wild,11
6147,wilderness,1
6148,wilful,3
6149,wilfully,3
6150,will,415
6151,willed,1
6152,willfully,1
6153,william,46
6154,willing,6
6155,willingly,3
6156,willingness,3
6157,win,1
6158,wind,1
6159,winding,1
6160,windings,1
6161,window,16
6162,windows,6
6163,wine,3
6164,wink,2
6165,winking,2
6166,winter,15
6167,wisdom,1
6168,wise,5
6169,wisely,4
6170,wiser,1
6171,wisest,6
6172,wish,97
6173,wished,40
6174,wisher,1
6175,wishes,34
6176,wishing,14
6177,wit,6
6178,with,1052
6179,withdrawing,1
6180,withdrawn,3
6181,withdrew,5
6182,withheld,4
6183,within,34
6184,without,170
6185,withstood,1
6186,witness,3
6187,witnessed,4
6188,witnessing,1
6189,wits,1
6190,witticisms,1
6191,witty,1
6192,wives,1
6193,woe,1
6194,woman,60
6195,womanly,1
6196,women,20
6197,won,5
6198,wonder,34
6199,wondered,8
6200,wonderful,3
6201,wonderfully,2
6202,wondering,2
6203,wonders,3
6204,wood,5
6205,woods,7
6206,woody,2
6207,word,48
6208,words,30
6209,wore,2
6210,work,21
6211,worked,4
6212,world,66
6213,worldly,2
6214,worn,2
6215,worse,13
6216,worst,7
6217,worth,15
6218,worthless,2
6219,worthlessness,1
6220,worthy,3
6221,would,471
6222,wound,2
6223,wounded,3
6224,wounding,2
6225,wretched,10
6226,wretchedly,1
6227,wretchedness,2
6228,write,39
6229,writer,3
6230,writes,1
6231,writing,13
6232,written,19
6233,wrong,15
6234,wrote,21
6235,yards,1
6236,yawn,2
6237,yawned,1
6238,yawning,1
6239,year,29
6240,years,35
6241,yes,76
6242,yesterday,13
6243,yet,73
6244,yield,4
6245,yielded,2
6246,yielding,3
6247,york,1
6248,you,1358
6249,young,130
6250,younge,4
6251,younger,30
6252,youngest,13
6253,your,456
6254,yours,23
6255,yourself,50
6256,yourselves,2
6257,youth,9
6258,youths,1
